시발역,종착역,순번,검단오류,왕길,검단사거리,마전,완정,독정,검암,검바위,아시아드,서구청,가정,가정중앙,석남,서부여성,인천가좌,가재울,주안국가,주안,시민공원,석바위,인천시청,석천사거리,모래내시장,만수,남동구청,인천대공원,운연
인천시청,운연,1,,,,,,,,,,,,,,,,,,,,,05:30:03,05:31:44,05:33:21,05:35:04,05:37:46,05:40:06,05:41:58
서부여성,운연,2,,,,,,,,,,,,,,05:30:04,05:31:58,05:34:24,05:36:39,05:38:30,05:40:44,05:42:24,05:44:03,05:45:44,05:47:21,05:49:04,05:51:46,05:54:06,05:55:58
서구청,운연,3,,,,,,,,,,05:30:09,05:32:55,05:34:59,05:36:57,05:38:34,05:40:28,05:42:54,05:45:09,05:47:00,05:49:14,05:50:54,05:52:33,05:54:14,05:55:51,05:57:34,06:00:16,06:02:36,06:04:28
검암,운연,4,,,,,,,05:30:07,05:31:58,05:34:22,05:35:59,05:38:45,05:40:49,05:42:47,05:44:24,05:46:18,05:48:44,05:50:59,05:52:50,05:55:04,05:56:44,05:58:23,06:00:04,06:01:41,06:03:24,06:06:06,06:08:26,06:10:18
검단오류,운연,5,05:30:05,05:32:07,05:34:44,05:36:52,05:38:39,05:40:16,05:42:47,05:44:38,05:47:02,05:48:39,05:51:25,05:53:29,05:55:27,05:57:04,05:58:58,06:01:24,06:03:39,06:05:30,06:07:44,06:09:24,06:11:03,06:12:44,06:14:21,06:16:04,06:18:46,06:21:06,06:22:58
검단오류,운연,6,05:39:05,05:41:07,05:43:44,05:45:52,05:47:39,05:49:16,05:51:47,05:53:38,05:56:02,05:57:39,06:00:25,06:02:29,06:04:27,06:06:04,06:07:58,06:10:24,06:12:39,06:14:30,06:16:44,06:18:24,06:20:03,06:21:44,06:23:21,06:25:04,06:27:46,06:30:06,06:31:58
검단오류,운연,7,05:45:35,05:47:37,05:50:14,05:52:22,05:54:09,05:55:46,05:58:17,06:00:08,06:02:32,06:04:09,06:06:55,06:08:59,06:10:57,06:12:34,06:14:28,06:16:54,06:19:09,06:21:00,06:23:14,06:24:54,06:26:33,06:28:14,06:29:51,06:31:34,06:34:16,06:36:36,06:38:28
검단오류,운연,8,05:52:25,05:54:27,05:57:04,05:59:12,06:00:59,06:02:36,06:05:07,06:06:58,06:09:22,06:10:59,06:13:45,06:15:49,06:17:47,06:19:24,06:21:18,06:23:44,06:25:59,06:27:50,06:30:04,06:31:44,06:33:23,06:35:04,06:36:41,06:38:24,06:41:06,06:43:26,06:45:18
검단오류,운연,9,05:58:05,06:00:07,06:02:44,06:04:52,06:06:39,06:08:16,06:10:47,06:12:38,06:15:02,06:16:39,06:19:25,06:21:29,06:23:27,06:25:04,06:26:58,06:29:24,06:31:39,06:33:30,06:35:44,06:37:24,06:39:03,06:40:44,06:42:21,06:44:04,06:46:46,06:49:06,06:50:58
검단오류,운연,10,06:04:05,06:06:07,06:08:44,06:10:52,06:12:39,06:14:16,06:16:47,06:18:38,06:21:02,06:22:39,06:25:25,06:27:29,06:29:27,06:31:04,06:32:58,06:35:24,06:37:39,06:39:30,06:41:44,06:43:24,06:45:03,06:46:44,06:48:21,06:50:04,06:52:46,06:55:06,06:56:58
검단오류,운연,11,06:09:55,06:11:57,06:14:34,06:16:42,06:18:29,06:20:06,06:22:37,06:24:28,06:26:52,06:28:29,06:31:15,06:33:19,06:35:17,06:36:54,06:38:48,06:41:14,06:43:29,06:45:20,06:47:34,06:49:14,06:50:53,06:52:34,06:54:11,06:55:54,06:58:36,07:00:56,07:02:48
검단오류,운연,12,06:15:45,06:17:47,06:20:24,06:22:32,06:24:19,06:25:56,06:28:27,06:30:18,06:32:42,06:34:19,06:37:05,06:39:09,06:41:07,06:42:44,06:44:38,06:47:04,06:49:19,06:51:10,06:53:24,06:55:04,06:56:43,06:58:24,07:00:01,07:01:44,07:04:26,07:06:46,07:08:38
검단오류,운연,13,06:21:15,06:23:17,06:25:54,06:28:02,06:29:49,06:31:26,06:33:57,06:35:48,06:38:12,06:39:49,06:42:35,06:44:39,06:46:37,06:48:14,06:50:08,06:52:34,06:54:49,06:56:40,06:58:54,07:00:34,07:02:13,07:03:54,07:05:31,07:07:14,07:09:56,07:12:16,07:14:08
검단오류,운연,14,06:26:25,06:28:27,06:31:04,06:33:12,06:34:59,06:36:36,06:39:07,06:40:58,06:43:22,06:44:59,06:47:45,06:49:49,06:51:47,06:53:24,06:55:18,06:57:44,06:59:59,07:01:50,07:04:04,07:05:44,07:07:23,07:09:04,07:10:41,07:12:24,07:15:06,07:17:26,07:19:18
검단오류,운연,15,06:31:25,06:33:27,06:36:04,06:38:12,06:39:59,06:41:36,06:44:07,06:45:58,06:48:22,06:49:59,06:52:45,06:54:49,06:56:47,06:58:24,07:00:18,07:02:44,07:04:59,07:06:50,07:09:04,07:10:44,07:12:23,07:14:04,07:15:41,07:17:24,07:20:06,07:22:26,07:24:18
검단오류,운연,16,06:36:15,06:38:17,06:40:54,06:43:02,06:44:49,06:46:26,06:48:57,06:50:48,06:53:12,06:54:49,06:57:35,06:59:39,07:01:37,07:03:14,07:05:08,07:07:34,07:09:49,07:11:40,07:13:54,07:15:34,07:17:13,07:18:54,07:20:31,07:22:14,07:24:56,07:27:16,07:29:08
검단오류,운연,17,06:40:05,06:42:07,06:44:44,06:46:52,06:48:39,06:50:16,06:52:47,06:54:38,06:57:02,06:58:39,07:01:25,07:03:29,07:05:27,07:07:04,07:08:58,07:11:24,07:13:39,07:15:30,07:17:44,07:19:24,07:21:03,07:22:44,07:24:21,07:26:04,07:28:46,07:31:06,07:32:58
검단오류,운연,18,06:43:25,06:45:27,06:48:04,06:50:12,06:51:59,06:53:36,06:56:07,06:57:58,07:00:22,07:01:59,07:04:45,07:06:49,07:08:47,07:10:24,07:12:18,07:14:44,07:16:59,07:18:50,07:21:04,07:22:44,07:24:23,07:26:04,07:27:41,07:29:24,07:32:06,07:34:26,07:36:18
검단오류,운연,19,06:46:25,06:48:27,06:51:04,06:53:12,06:54:59,06:56:36,06:59:07,07:00:58,07:03:22,07:04:59,07:07:45,07:09:49,07:11:47,07:13:24,07:15:18,07:17:44,07:19:59,07:21:50,07:24:04,07:25:44,07:27:23,07:29:04,07:30:41,07:32:24,07:35:06,07:37:26,07:39:18
검단오류,운연,20,06:49:25,06:51:27,06:54:04,06:56:12,06:57:59,06:59:36,07:02:07,07:03:58,07:06:22,07:07:59,07:10:45,07:12:49,07:14:47,07:16:24,07:18:18,07:20:44,07:22:59,07:24:50,07:27:04,07:28:44,07:30:23,07:32:04,07:33:41,07:35:24,07:38:06,07:40:26,07:42:18
검단오류,운연,21,06:52:25,06:54:27,06:57:04,06:59:12,07:00:59,07:02:36,07:05:07,07:06:58,07:09:22,07:10:59,07:13:45,07:15:49,07:17:47,07:19:24,07:21:18,07:23:44,07:25:59,07:27:50,07:30:04,07:31:44,07:33:23,07:35:04,07:36:41,07:38:24,07:41:06,07:43:26,07:45:18
검단오류,운연,22,06:55:25,06:57:27,07:00:04,07:02:12,07:03:59,07:05:36,07:08:07,07:09:58,07:12:22,07:13:59,07:16:45,07:18:49,07:20:47,07:22:24,07:24:18,07:26:44,07:28:59,07:30:50,07:33:04,07:34:44,07:36:23,07:38:04,07:39:41,07:41:24,07:44:06,07:46:26,07:48:18
검단오류,운연,23,06:58:25,07:00:27,07:03:04,07:05:12,07:06:59,07:08:36,07:11:07,07:12:58,07:15:22,07:16:59,07:19:45,07:21:49,07:23:47,07:25:24,07:27:18,07:29:44,07:31:59,07:33:50,07:36:04,07:37:44,07:39:23,07:41:04,07:42:41,07:44:24,07:47:06,07:49:26,07:51:18
검단오류,운연,24,07:01:25,07:03:27,07:06:04,07:08:12,07:09:59,07:11:36,07:14:07,07:15:58,07:18:22,07:19:59,07:22:45,07:24:49,07:26:47,07:28:24,07:30:18,07:32:44,07:34:59,07:36:50,07:39:04,07:40:44,07:42:23,07:44:04,07:45:41,07:47:24,07:50:06,07:52:26,07:54:18
검단오류,운연,25,07:04:25,07:06:27,07:09:04,07:11:12,07:12:59,07:14:36,07:17:07,07:18:58,07:21:22,07:22:59,07:25:45,07:27:49,07:29:47,07:31:24,07:33:18,07:35:44,07:37:59,07:39:50,07:42:04,07:43:44,07:45:23,07:47:04,07:48:41,07:50:24,07:53:06,07:55:26,07:57:18
검단오류,운연,26,07:07:25,07:09:27,07:12:04,07:14:12,07:15:59,07:17:36,07:20:07,07:21:58,07:24:22,07:25:59,07:28:45,07:30:49,07:32:47,07:34:24,07:36:18,07:38:44,07:40:59,07:42:50,07:45:04,07:46:44,07:48:23,07:50:04,07:51:41,07:53:24,07:56:06,07:58:26,08:00:18
검단오류,운연,27,07:10:25,07:12:27,07:15:04,07:17:12,07:18:59,07:20:36,07:23:07,07:24:58,07:27:22,07:28:59,07:31:45,07:33:49,07:35:47,07:37:24,07:39:18,07:41:44,07:43:59,07:45:50,07:48:04,07:49:44,07:51:23,07:53:04,07:54:41,07:56:24,07:59:06,08:01:26,08:03:18
검단오류,운연,28,07:13:25,07:15:27,07:18:04,07:20:12,07:21:59,07:23:36,07:26:07,07:27:58,07:30:22,07:31:59,07:34:45,07:36:49,07:38:47,07:40:24,07:42:18,07:44:44,07:46:59,07:48:50,07:51:04,07:52:44,07:54:23,07:56:04,07:57:41,07:59:24,08:02:06,08:04:26,08:06:18
검단오류,운연,29,07:16:25,07:18:27,07:21:04,07:23:12,07:24:59,07:26:36,07:29:07,07:30:58,07:33:22,07:34:59,07:37:45,07:39:49,07:41:47,07:43:24,07:45:18,07:47:44,07:49:59,07:51:50,07:54:04,07:55:44,07:57:23,07:59:04,08:00:41,08:02:24,08:05:06,08:07:26,08:09:18
검단오류,운연,30,07:19:25,07:21:27,07:24:04,07:26:12,07:27:59,07:29:36,07:32:07,07:33:58,07:36:22,07:37:59,07:40:45,07:42:49,07:44:47,07:46:24,07:48:18,07:50:44,07:52:59,07:54:50,07:57:04,07:58:44,08:00:23,08:02:04,08:03:41,08:05:24,08:08:06,08:10:26,08:12:18
검단오류,운연,31,07:22:25,07:24:27,07:27:04,07:29:12,07:30:59,07:32:36,07:35:07,07:36:58,07:39:22,07:40:59,07:43:45,07:45:49,07:47:47,07:49:24,07:51:18,07:53:44,07:55:59,07:57:50,08:00:04,08:01:44,08:03:23,08:05:04,08:06:41,08:08:24,08:11:06,08:13:26,08:15:18
검단오류,운연,32,07:25:05,07:27:07,07:29:44,07:31:52,07:33:39,07:35:16,07:37:47,07:39:38,07:42:02,07:43:39,07:46:25,07:48:29,07:50:27,07:52:04,07:53:58,07:56:24,07:58:39,08:00:30,08:02:44,08:04:24,08:06:03,08:07:44,08:09:21,08:11:04,08:13:46,08:16:06,08:17:58
검단오류,운연,33,07:27:35,07:29:37,07:32:14,07:34:22,07:36:09,07:37:46,07:40:17,07:42:08,07:44:32,07:46:09,07:48:55,07:50:59,07:52:57,07:54:34,07:56:28,07:58:54,08:01:09,08:03:00,08:05:14,08:06:54,08:08:33,08:10:14,08:11:51,08:13:34,08:16:16,08:18:36,08:20:28
검단오류,운연,34,07:30:05,07:32:07,07:34:44,07:36:52,07:38:39,07:40:16,07:42:47,07:44:38,07:47:02,07:48:39,07:51:25,07:53:29,07:55:27,07:57:04,07:58:58,08:01:24,08:03:39,08:05:30,08:07:44,08:09:24,08:11:03,08:12:44,08:14:21,08:16:04,08:18:46,08:21:06,08:22:58
검단오류,운연,35,07:32:35,07:34:37,07:37:14,07:39:22,07:41:09,07:42:46,07:45:17,07:47:08,07:49:32,07:51:09,07:53:55,07:55:59,07:57:57,07:59:34,08:01:28,08:03:54,08:06:09,08:08:00,08:10:14,08:11:54,08:13:33,08:15:14,08:16:51,08:18:34,08:21:16,08:23:36,08:25:28
검단오류,운연,36,07:35:05,07:37:07,07:39:44,07:41:52,07:43:39,07:45:16,07:47:47,07:49:38,07:52:02,07:53:39,07:56:25,07:58:29,08:00:27,08:02:04,08:03:58,08:06:24,08:08:39,08:10:30,08:12:44,08:14:24,08:16:03,08:17:44,08:19:21,08:21:04,08:23:46,08:26:06,08:27:58
검단오류,운연,37,07:37:35,07:39:37,07:42:14,07:44:22,07:46:09,07:47:46,07:50:17,07:52:08,07:54:32,07:56:09,07:58:55,08:00:59,08:02:57,08:04:34,08:06:28,08:08:54,08:11:09,08:13:00,08:15:14,08:16:54,08:18:33,08:20:14,08:21:51,08:23:34,08:26:16,08:28:36,08:30:28
검단오류,운연,38,07:40:05,07:42:07,07:44:44,07:46:52,07:48:39,07:50:16,07:52:47,07:54:38,07:57:02,07:58:39,08:01:25,08:03:29,08:05:27,08:07:04,08:08:58,08:11:24,08:13:39,08:15:30,08:17:44,08:19:24,08:21:03,08:22:44,08:24:21,08:26:04,08:28:46,08:31:06,08:32:58
검단오류,운연,39,07:42:35,07:44:37,07:47:14,07:49:22,07:51:09,07:52:46,07:55:17,07:57:08,07:59:32,08:01:09,08:03:55,08:05:59,08:07:57,08:09:34,08:11:28,08:13:54,08:16:09,08:18:00,08:20:14,08:21:54,08:23:33,08:25:14,08:26:51,08:28:34,08:31:16,08:33:36,08:35:28
검단오류,운연,40,07:45:05,07:47:07,07:49:44,07:51:52,07:53:39,07:55:16,07:57:47,07:59:38,08:02:02,08:03:39,08:06:25,08:08:29,08:10:27,08:12:04,08:13:58,08:16:24,08:18:39,08:20:30,08:22:44,08:24:24,08:26:03,08:27:44,08:29:21,08:31:04,08:33:46,08:36:06,08:37:58
검단오류,운연,41,07:47:45,07:49:47,07:52:24,07:54:32,07:56:19,07:57:56,08:00:27,08:02:18,08:04:42,08:06:19,08:09:05,08:11:09,08:13:07,08:14:44,08:16:38,08:19:04,08:21:19,08:23:10,08:25:24,08:27:04,08:28:43,08:30:24,08:32:01,08:33:44,08:36:26,08:38:46,08:40:38
검단오류,운연,42,07:50:25,07:52:27,07:55:04,07:57:12,07:58:59,08:00:36,08:03:07,08:04:58,08:07:22,08:08:59,08:11:45,08:13:49,08:15:47,08:17:24,08:19:18,08:21:44,08:23:59,08:25:50,08:28:04,08:29:44,08:31:23,08:33:04,08:34:41,08:36:24,08:39:06,08:41:26,08:43:18
검단오류,운연,43,07:53:15,07:55:17,07:57:54,08:00:02,08:01:49,08:03:26,08:05:57,08:07:48,08:10:12,08:11:49,08:14:35,08:16:39,08:18:37,08:20:14,08:22:08,08:24:34,08:26:49,08:28:40,08:30:54,08:32:34,08:34:13,08:35:54,08:37:31,08:39:14,08:41:56,08:44:16,08:46:08
검단오류,운연,44,07:56:15,07:58:17,08:00:54,08:03:02,08:04:49,08:06:26,08:08:57,08:10:48,08:13:12,08:14:49,08:17:35,08:19:39,08:21:37,08:23:14,08:25:08,08:27:34,08:29:49,08:31:40,08:33:54,08:35:34,08:37:13,08:38:54,08:40:31,08:42:14,08:44:56,08:47:16,08:49:08
검단오류,운연,45,07:59:15,08:01:17,08:03:54,08:06:02,08:07:49,08:09:26,08:11:57,08:13:48,08:16:12,08:17:49,08:20:35,08:22:39,08:24:37,08:26:14,08:28:08,08:30:34,08:32:49,08:34:40,08:36:54,08:38:34,08:40:13,08:41:54,08:43:31,08:45:14,08:47:56,08:50:16,08:52:08
검단오류,운연,46,08:02:15,08:04:17,08:06:54,08:09:02,08:10:49,08:12:26,08:14:57,08:16:48,08:19:12,08:20:49,08:23:35,08:25:39,08:27:37,08:29:14,08:31:08,08:33:34,08:35:49,08:37:40,08:39:54,08:41:34,08:43:13,08:44:54,08:46:31,08:48:14,08:50:56,08:53:16,08:55:08
검단오류,운연,47,08:05:15,08:07:17,08:09:54,08:12:02,08:13:49,08:15:26,08:17:57,08:19:48,08:22:12,08:23:49,08:26:35,08:28:39,08:30:37,08:32:14,08:34:08,08:36:34,08:38:49,08:40:40,08:42:54,08:44:34,08:46:13,08:47:54,08:49:31,08:51:14,08:53:56,08:56:16,08:58:08
검단오류,운연,48,08:08:15,08:10:17,08:12:54,08:15:02,08:16:49,08:18:26,08:20:57,08:22:48,08:25:12,08:26:49,08:29:35,08:31:39,08:33:37,08:35:14,08:37:08,08:39:34,08:41:49,08:43:40,08:45:54,08:47:34,08:49:13,08:50:54,08:52:31,08:54:14,08:56:56,08:59:16,09:01:08
검단오류,운연,49,08:11:15,08:13:17,08:15:54,08:18:02,08:19:49,08:21:26,08:23:57,08:25:48,08:28:12,08:29:49,08:32:35,08:34:39,08:36:37,08:38:14,08:40:08,08:42:34,08:44:49,08:46:40,08:48:54,08:50:34,08:52:13,08:53:54,08:55:31,08:57:14,08:59:56,09:02:16,09:04:08
검단오류,운연,50,08:14:15,08:16:17,08:18:54,08:21:02,08:22:49,08:24:26,08:26:57,08:28:48,08:31:12,08:32:49,08:35:35,08:37:39,08:39:37,08:41:14,08:43:08,08:45:34,08:47:49,08:49:40,08:51:54,08:53:34,08:55:13,08:56:54,08:58:31,09:00:14,09:02:56,09:05:16,09:07:08
검단오류,운연,51,08:17:15,08:19:17,08:21:54,08:24:02,08:25:49,08:27:26,08:29:57,08:31:48,08:34:12,08:35:49,08:38:35,08:40:39,08:42:37,08:44:14,08:46:08,08:48:34,08:50:49,08:52:40,08:54:54,08:56:34,08:58:13,08:59:54,09:01:31,09:03:14,09:05:56,09:08:16,09:10:08
검단오류,운연,52,08:20:15,08:22:17,08:24:54,08:27:02,08:28:49,08:30:26,08:32:57,08:34:48,08:37:12,08:38:49,08:41:35,08:43:39,08:45:37,08:47:14,08:49:08,08:51:34,08:53:49,08:55:40,08:57:54,08:59:34,09:01:13,09:02:54,09:04:31,09:06:14,09:08:56,09:11:16,09:13:08
검단오류,운연,53,08:23:35,08:25:37,08:28:14,08:30:22,08:32:09,08:33:46,08:36:17,08:38:08,08:40:32,08:42:09,08:44:55,08:46:59,08:48:57,08:50:34,08:52:28,08:54:54,08:57:09,08:59:00,09:01:14,09:02:54,09:04:33,09:06:14,09:07:51,09:09:34,09:12:16,09:14:36,09:16:28
검단오류,운연,54,08:26:35,08:28:37,08:31:14,08:33:22,08:35:09,08:36:46,08:39:17,08:41:08,08:43:32,08:45:09,08:47:55,08:49:59,08:51:57,08:53:34,08:55:28,08:57:54,09:00:09,09:02:00,09:04:14,09:05:54,09:07:33,09:09:14,09:10:51,09:12:34,09:15:16,09:17:36,09:19:28
검단오류,운연,55,08:29:15,08:31:17,08:33:54,08:36:02,08:37:49,08:39:26,08:41:57,08:43:48,08:46:12,08:47:49,08:50:35,08:52:39,08:54:37,08:56:14,08:58:08,09:00:34,09:02:49,09:04:40,09:06:54,09:08:34,09:10:13,09:11:54,09:13:31,09:15:14,09:17:56,09:20:16,09:22:08
검단오류,운연,56,08:32:15,08:34:17,08:36:54,08:39:02,08:40:49,08:42:26,08:44:57,08:46:48,08:49:12,08:50:49,08:53:35,08:55:39,08:57:37,08:59:14,09:01:08,09:03:34,09:05:49,09:07:40,09:09:54,09:11:34,09:13:13,09:14:54,09:16:31,09:18:14,09:20:56,09:23:16,09:25:08
검단오류,운연,57,08:35:15,08:37:17,08:39:54,08:42:02,08:43:49,08:45:26,08:47:57,08:49:48,08:52:12,08:53:49,08:56:35,08:58:39,09:00:37,09:02:14,09:04:08,09:06:34,09:08:49,09:10:40,09:12:54,09:14:34,09:16:13,09:17:54,09:19:31,09:21:14,09:23:56,09:26:16,09:28:08
검단오류,운연,58,08:38:15,08:40:17,08:42:54,08:45:02,08:46:49,08:48:26,08:50:57,08:52:48,08:55:12,08:56:49,08:59:35,09:01:39,09:03:37,09:05:14,09:07:08,09:09:34,09:11:49,09:13:40,09:15:54,09:17:34,09:19:13,09:20:54,09:22:31,09:24:14,09:26:56,09:29:16,09:31:08
검단오류,운연,59,08:41:15,08:43:17,08:45:54,08:48:02,08:49:49,08:51:26,08:53:57,08:55:48,08:58:12,08:59:49,09:02:35,09:04:39,09:06:37,09:08:14,09:10:08,09:12:34,09:14:49,09:16:40,09:18:54,09:20:34,09:22:13,09:23:54,09:25:31,09:27:14,09:29:56,09:32:16,09:34:08
검단오류,운연,60,08:44:15,08:46:17,08:48:54,08:51:02,08:52:49,08:54:26,08:56:57,08:58:48,09:01:12,09:02:49,09:05:35,09:07:39,09:09:37,09:11:14,09:13:08,09:15:34,09:17:49,09:19:40,09:21:54,09:23:34,09:25:13,09:26:54,09:28:31,09:30:14,09:32:56,09:35:16,09:37:08
검단오류,운연,61,08:47:15,08:49:17,08:51:54,08:54:02,08:55:49,08:57:26,08:59:57,09:01:48,09:04:12,09:05:49,09:08:35,09:10:39,09:12:37,09:14:14,09:16:08,09:18:34,09:20:49,09:22:40,09:24:54,09:26:34,09:28:13,09:29:54,09:31:31,09:33:14,09:35:56,09:38:16,09:40:08
검단오류,운연,62,08:50:25,08:52:27,08:55:04,08:57:12,08:58:59,09:00:36,09:03:07,09:04:58,09:07:22,09:08:59,09:11:45,09:13:49,09:15:47,09:17:24,09:19:18,09:21:44,09:23:59,09:25:50,09:28:04,09:29:44,09:31:23,09:33:04,09:34:41,09:36:24,09:39:06,09:41:26,09:43:18
검단오류,운연,63,08:53:35,08:55:37,08:58:14,09:00:22,09:02:09,09:03:46,09:06:17,09:08:08,09:10:32,09:12:09,09:14:55,09:16:59,09:18:57,09:20:34,09:22:28,09:24:54,09:27:09,09:29:00,09:31:14,09:32:54,09:34:33,09:36:14,09:37:51,09:39:34,09:42:16,09:44:36,09:46:28
검단오류,운연,64,08:56:15,08:58:17,09:00:54,09:03:02,09:04:49,09:06:26,09:08:57,09:10:48,09:13:12,09:14:49,09:17:35,09:19:39,09:21:37,09:23:14,09:25:08,09:27:34,09:29:49,09:31:40,09:33:54,09:35:34,09:37:13,09:38:54,09:40:31,09:42:14,09:44:56,09:47:16,09:49:08
검단오류,운연,65,08:59:15,09:01:17,09:03:54,09:06:02,09:07:49,09:09:26,09:11:57,09:13:48,09:16:12,09:17:49,09:20:35,09:22:39,09:24:37,09:26:14,09:28:08,09:30:34,09:32:49,09:34:40,09:36:54,09:38:34,09:40:13,09:41:54,09:43:31,09:45:14,09:47:56,09:50:16,09:52:08
검단오류,운연,66,09:02:15,09:04:17,09:06:54,09:09:02,09:10:49,09:12:26,09:14:57,09:16:48,09:19:12,09:20:49,09:23:35,09:25:39,09:27:37,09:29:14,09:31:08,09:33:34,09:35:49,09:37:40,09:39:54,09:41:34,09:43:13,09:44:54,09:46:31,09:48:14,09:50:56,09:53:16,09:55:08
검단오류,운연,67,09:05:15,09:07:17,09:09:54,09:12:02,09:13:49,09:15:26,09:17:57,09:19:48,09:22:12,09:23:49,09:26:35,09:28:39,09:30:37,09:32:14,09:34:08,09:36:34,09:38:49,09:40:40,09:42:54,09:44:34,09:46:13,09:47:54,09:49:31,09:51:14,09:53:56,09:56:16,09:58:08
검단오류,운연,68,09:08:15,09:10:17,09:12:54,09:15:02,09:16:49,09:18:26,09:20:57,09:22:48,09:25:12,09:26:49,09:29:35,09:31:39,09:33:37,09:35:14,09:37:08,09:39:34,09:41:49,09:43:40,09:45:54,09:47:34,09:49:13,09:50:54,09:52:31,09:54:14,09:56:56,09:59:16,10:01:08
검단오류,운연,69,09:11:15,09:13:17,09:15:54,09:18:02,09:19:49,09:21:26,09:23:57,09:25:48,09:28:12,09:29:49,09:32:35,09:34:39,09:36:37,09:38:14,09:40:08,09:42:34,09:44:49,09:46:40,09:48:54,09:50:34,09:52:13,09:53:54,09:55:31,09:57:14,09:59:56,10:02:16,10:04:08
검단오류,운연,70,09:14:15,09:16:17,09:18:54,09:21:02,09:22:49,09:24:26,09:26:57,09:28:48,09:31:12,09:32:49,09:35:35,09:37:39,09:39:37,09:41:14,09:43:08,09:45:34,09:47:49,09:49:40,09:51:54,09:53:34,09:55:13,09:56:54,09:58:31,10:00:14,10:02:56,10:05:16,10:07:08
검단오류,운연,71,09:17:15,09:19:17,09:21:54,09:24:02,09:25:49,09:27:26,09:29:57,09:31:48,09:34:12,09:35:49,09:38:35,09:40:39,09:42:37,09:44:14,09:46:08,09:48:34,09:50:49,09:52:40,09:54:54,09:56:34,09:58:13,09:59:54,10:01:31,10:03:14,10:05:56,10:08:16,10:10:08
검단오류,운연,72,09:20:15,09:22:17,09:24:54,09:27:02,09:28:49,09:30:26,09:32:57,09:34:48,09:37:12,09:38:49,09:41:35,09:43:39,09:45:37,09:47:14,09:49:08,09:51:34,09:53:49,09:55:40,09:57:54,09:59:34,10:01:13,10:02:54,10:04:31,10:06:14,10:08:56,10:11:16,10:13:08
검단오류,운연,73,09:23:25,09:25:27,09:28:04,09:30:12,09:31:59,09:33:36,09:36:07,09:37:58,09:40:22,09:41:59,09:44:45,09:46:49,09:48:47,09:50:24,09:52:18,09:54:44,09:56:59,09:58:50,10:01:04,10:02:44,10:04:23,10:06:04,10:07:41,10:09:24,10:12:06,10:14:26,10:16:18
검단오류,운연,74,09:29:35,09:31:37,09:34:14,09:36:22,09:38:09,09:39:46,09:42:17,09:44:08,09:46:32,09:48:09,09:50:55,09:52:59,09:54:57,09:56:34,09:58:28,10:00:54,10:03:09,10:05:00,10:07:14,10:08:54,10:10:33,10:12:14,10:13:51,10:15:34,10:18:16,10:20:36,10:22:28
검단오류,운연,75,09:35:45,09:37:47,09:40:24,09:42:32,09:44:19,09:45:56,09:48:27,09:50:18,09:52:42,09:54:19,09:57:05,09:59:09,10:01:07,10:02:44,10:04:38,10:07:04,10:09:19,10:11:10,10:13:24,10:15:04,10:16:43,10:18:24,10:20:01,10:21:44,10:24:26,10:26:46,10:28:38
검단오류,운연,76,09:41:55,09:43:57,09:46:34,09:48:42,09:50:29,09:52:06,09:54:37,09:56:28,09:58:52,10:00:29,10:03:15,10:05:19,10:07:17,10:08:54,10:10:48,10:13:14,10:15:29,10:17:20,10:19:34,10:21:14,10:22:53,10:24:34,10:26:11,10:27:54,10:30:36,10:32:56,10:34:48
검단오류,운연,77,09:48:25,09:50:27,09:53:04,09:55:12,09:56:59,09:58:36,10:01:07,10:02:58,10:05:22,10:06:59,10:09:45,10:11:49,10:13:47,10:15:24,10:17:18,10:19:44,10:21:59,10:23:50,10:26:04,10:27:44,10:29:23,10:31:04,10:32:41,10:34:24,10:37:06,10:39:26,10:41:18
검단오류,운연,78,09:54:55,09:56:57,09:59:34,10:01:42,10:03:29,10:05:06,10:07:37,10:09:28,10:11:52,10:13:29,10:16:15,10:18:19,10:20:17,10:21:54,10:23:48,10:26:14,10:28:29,10:30:20,10:32:34,10:34:14,10:35:53,10:37:34,10:39:11,10:40:54,10:43:36,10:45:56,10:47:48
검단오류,운연,79,10:02:27,10:04:29,10:07:06,10:09:14,10:11:01,10:12:38,10:15:09,10:17:00,10:19:24,10:21:01,10:23:47,10:25:51,10:27:49,10:29:26,10:31:20,10:33:46,10:36:01,10:37:52,10:40:06,10:41:46,10:43:25,10:45:06,10:46:43,10:48:26,10:51:06,10:53:26,10:55:18
검단오류,운연,80,10:08:40,10:10:42,10:13:19,10:15:27,10:17:14,10:18:51,10:21:22,10:23:13,10:25:37,10:27:14,10:30:00,10:32:04,10:34:02,10:35:39,10:37:33,10:39:59,10:42:14,10:44:05,10:46:19,10:47:59,10:49:38,10:51:19,10:52:56,10:54:39,10:57:19,10:59:39,11:01:31
검단오류,운연,81,10:14:53,10:16:55,10:19:32,10:21:40,10:23:27,10:25:04,10:27:35,10:29:26,10:31:50,10:33:27,10:36:13,10:38:17,10:40:15,10:41:52,10:43:46,10:46:12,10:48:27,10:50:18,10:52:32,10:54:12,10:55:51,10:57:32,10:59:09,11:00:52,11:03:32,11:05:52,11:07:44
검단오류,운연,82,10:21:06,10:23:08,10:25:45,10:27:53,10:29:40,10:31:17,10:33:48,10:35:39,10:38:03,10:39:40,10:42:26,10:44:30,10:46:28,10:48:05,10:49:59,10:52:25,10:54:40,10:56:31,10:58:45,11:00:25,11:02:04,11:03:45,11:05:22,11:07:05,11:09:45,11:12:05,11:13:57
검단오류,운연,83,10:27:19,10:29:21,10:31:58,10:34:06,10:35:53,10:37:30,10:40:01,10:41:52,10:44:16,10:45:53,10:48:39,10:50:43,10:52:41,10:54:18,10:56:12,10:58:38,11:00:53,11:02:44,11:04:58,11:06:38,11:08:17,11:09:58,11:11:35,11:13:18,11:15:58,11:18:18,11:20:10
검단오류,운연,84,10:33:32,10:35:34,10:38:11,10:40:19,10:42:06,10:43:43,10:46:14,10:48:05,10:50:29,10:52:06,10:54:52,10:56:56,10:58:54,11:00:31,11:02:25,11:04:51,11:07:06,11:08:57,11:11:11,11:12:51,11:14:30,11:16:11,11:17:48,11:19:31,11:22:11,11:24:31,11:26:23
검단오류,운연,85,10:39:45,10:41:47,10:44:24,10:46:32,10:48:19,10:49:56,10:52:27,10:54:18,10:56:42,10:58:19,11:01:05,11:03:09,11:05:07,11:06:44,11:08:38,11:11:04,11:13:19,11:15:10,11:17:24,11:19:04,11:20:43,11:22:24,11:24:01,11:25:44,11:28:24,11:30:44,11:32:36
검단오류,운연,86,10:45:58,10:48:00,10:50:37,10:52:45,10:54:32,10:56:09,10:58:40,11:00:31,11:02:55,11:04:32,11:07:18,11:09:22,11:11:20,11:12:57,11:14:51,11:17:17,11:19:32,11:21:23,11:23:37,11:25:17,11:26:56,11:28:37,11:30:14,11:31:57,11:34:37,11:36:57,11:38:49
검단오류,운연,87,10:52:11,10:54:13,10:56:50,10:58:58,11:00:45,11:02:22,11:04:53,11:06:44,11:09:08,11:10:45,11:13:31,11:15:35,11:17:33,11:19:10,11:21:04,11:23:30,11:25:45,11:27:36,11:29:50,11:31:30,11:33:09,11:34:50,11:36:27,11:38:10,11:40:50,11:43:10,11:45:02
검단오류,운연,88,10:58:24,11:00:26,11:03:03,11:05:11,11:06:58,11:08:35,11:11:06,11:12:57,11:15:21,11:16:58,11:19:44,11:21:48,11:23:46,11:25:23,11:27:17,11:29:43,11:31:58,11:33:49,11:36:03,11:37:43,11:39:22,11:41:03,11:42:40,11:44:23,11:47:03,11:49:23,11:51:15
검단오류,운연,89,11:04:37,11:06:39,11:09:16,11:11:24,11:13:11,11:14:48,11:17:19,11:19:10,11:21:34,11:23:11,11:25:57,11:28:01,11:29:59,11:31:36,11:33:30,11:35:56,11:38:11,11:40:02,11:42:16,11:43:56,11:45:35,11:47:16,11:48:53,11:50:36,11:53:16,11:55:36,11:57:28
검단오류,운연,90,11:10:50,11:12:52,11:15:29,11:17:37,11:19:24,11:21:01,11:23:32,11:25:23,11:27:47,11:29:24,11:32:10,11:34:14,11:36:12,11:37:49,11:39:43,11:42:09,11:44:24,11:46:15,11:48:29,11:50:09,11:51:48,11:53:29,11:55:06,11:56:49,11:59:29,12:01:49,12:03:41
검단오류,운연,91,11:17:03,11:19:05,11:21:42,11:23:50,11:25:37,11:27:14,11:29:45,11:31:36,11:34:00,11:35:37,11:38:23,11:40:27,11:42:25,11:44:02,11:45:56,11:48:22,11:50:37,11:52:28,11:54:42,11:56:22,11:58:01,11:59:42,12:01:19,12:03:02,12:05:42,12:08:02,12:09:54
검단오류,운연,92,11:23:16,11:25:18,11:27:55,11:30:03,11:31:50,11:33:27,11:35:58,11:37:49,11:40:13,11:41:50,11:44:36,11:46:40,11:48:38,11:50:15,11:52:09,11:54:35,11:56:50,11:58:41,12:00:55,12:02:35,12:04:14,12:05:55,12:07:32,12:09:15,12:11:55,12:14:15,12:16:07
검단오류,운연,93,11:29:29,11:31:31,11:34:08,11:36:16,11:38:03,11:39:40,11:42:11,11:44:02,11:46:26,11:48:03,11:50:49,11:52:53,11:54:51,11:56:28,11:58:22,12:00:48,12:03:03,12:04:54,12:07:08,12:08:48,12:10:27,12:12:08,12:13:45,12:15:28,12:18:08,12:20:28,12:22:20
검단오류,운연,94,11:35:42,11:37:44,11:40:21,11:42:29,11:44:16,11:45:53,11:48:24,11:50:15,11:52:39,11:54:16,11:57:02,11:59:06,12:01:04,12:02:41,12:04:35,12:07:01,12:09:16,12:11:07,12:13:21,12:15:01,12:16:40,12:18:21,12:19:58,12:21:41,12:24:21,12:26:41,12:28:33
검단오류,운연,95,11:41:55,11:43:57,11:46:34,11:48:42,11:50:29,11:52:06,11:54:37,11:56:28,11:58:52,12:00:29,12:03:15,12:05:19,12:07:17,12:08:54,12:10:48,12:13:14,12:15:29,12:17:20,12:19:34,12:21:14,12:22:53,12:24:34,12:26:11,12:27:54,12:30:34,12:32:54,12:34:46
검단오류,운연,96,11:48:08,11:50:10,11:52:47,11:54:55,11:56:42,11:58:19,12:00:50,12:02:41,12:05:05,12:06:42,12:09:28,12:11:32,12:13:30,12:15:07,12:17:01,12:19:27,12:21:42,12:23:33,12:25:47,12:27:27,12:29:06,12:30:47,12:32:24,12:34:07,12:36:47,12:39:07,12:40:59
검단오류,운연,97,11:54:21,11:56:23,11:59:00,12:01:08,12:02:55,12:04:32,12:07:03,12:08:54,12:11:18,12:12:55,12:15:41,12:17:45,12:19:43,12:21:20,12:23:14,12:25:40,12:27:55,12:29:46,12:32:00,12:33:40,12:35:19,12:37:00,12:38:37,12:40:20,12:43:00,12:45:20,12:47:12
검단오류,운연,98,12:00:34,12:02:36,12:05:13,12:07:21,12:09:08,12:10:45,12:13:16,12:15:07,12:17:31,12:19:08,12:21:54,12:23:58,12:25:56,12:27:33,12:29:27,12:31:53,12:34:08,12:35:59,12:38:13,12:39:53,12:41:32,12:43:13,12:44:50,12:46:33,12:49:13,12:51:33,12:53:25
검단오류,운연,99,12:06:47,12:08:49,12:11:26,12:13:34,12:15:21,12:16:58,12:19:29,12:21:20,12:23:44,12:25:21,12:28:07,12:30:11,12:32:09,12:33:46,12:35:40,12:38:06,12:40:21,12:42:12,12:44:26,12:46:06,12:47:45,12:49:26,12:51:03,12:52:46,12:55:26,12:57:46,12:59:38
검단오류,운연,100,12:13:00,12:15:02,12:17:39,12:19:47,12:21:34,12:23:11,12:25:42,12:27:33,12:29:57,12:31:34,12:34:20,12:36:24,12:38:22,12:39:59,12:41:53,12:44:19,12:46:34,12:48:25,12:50:39,12:52:19,12:53:58,12:55:39,12:57:16,12:58:59,13:01:39,13:03:59,13:05:51
검단오류,운연,101,12:19:13,12:21:15,12:23:52,12:26:00,12:27:47,12:29:24,12:31:55,12:33:46,12:36:10,12:37:47,12:40:33,12:42:37,12:44:35,12:46:12,12:48:06,12:50:32,12:52:47,12:54:38,12:56:52,12:58:32,13:00:11,13:01:52,13:03:29,13:05:12,13:07:52,13:10:12,13:12:04
검단오류,운연,102,12:25:26,12:27:28,12:30:05,12:32:13,12:34:00,12:35:37,12:38:08,12:39:59,12:42:23,12:44:00,12:46:46,12:48:50,12:50:48,12:52:25,12:54:19,12:56:45,12:59:00,13:00:51,13:03:05,13:04:45,13:06:24,13:08:05,13:09:42,13:11:25,13:14:05,13:16:25,13:18:17
검단오류,운연,103,12:31:39,12:33:41,12:36:18,12:38:26,12:40:13,12:41:50,12:44:21,12:46:12,12:48:36,12:50:13,12:52:59,12:55:03,12:57:01,12:58:38,13:00:32,13:02:58,13:05:13,13:07:04,13:09:18,13:10:58,13:12:37,13:14:18,13:15:55,13:17:38,13:20:18,13:22:38,13:24:30
검단오류,운연,104,12:37:52,12:39:54,12:42:31,12:44:39,12:46:26,12:48:03,12:50:34,12:52:25,12:54:49,12:56:26,12:59:12,13:01:16,13:03:14,13:04:51,13:06:45,13:09:11,13:11:26,13:13:17,13:15:31,13:17:11,13:18:50,13:20:31,13:22:08,13:23:51,13:26:31,13:28:51,13:30:43
검단오류,운연,105,12:44:05,12:46:07,12:48:44,12:50:52,12:52:39,12:54:16,12:56:47,12:58:38,13:01:02,13:02:39,13:05:25,13:07:29,13:09:27,13:11:04,13:12:58,13:15:24,13:17:39,13:19:30,13:21:44,13:23:24,13:25:03,13:26:44,13:28:21,13:30:04,13:32:44,13:35:04,13:36:56
검단오류,운연,106,12:50:18,12:52:20,12:54:57,12:57:05,12:58:52,13:00:29,13:03:00,13:04:51,13:07:15,13:08:52,13:11:38,13:13:42,13:15:40,13:17:17,13:19:11,13:21:37,13:23:52,13:25:43,13:27:57,13:29:37,13:31:16,13:32:57,13:34:34,13:36:17,13:38:57,13:41:17,13:43:09
검단오류,운연,107,12:56:31,12:58:33,13:01:10,13:03:18,13:05:05,13:06:42,13:09:13,13:11:04,13:13:28,13:15:05,13:17:51,13:19:55,13:21:53,13:23:30,13:25:24,13:27:50,13:30:05,13:31:56,13:34:10,13:35:50,13:37:29,13:39:10,13:40:47,13:42:30,13:45:10,13:47:30,13:49:22
검단오류,운연,108,13:02:44,13:04:46,13:07:23,13:09:31,13:11:18,13:12:55,13:15:26,13:17:17,13:19:41,13:21:18,13:24:04,13:26:08,13:28:06,13:29:43,13:31:37,13:34:03,13:36:18,13:38:09,13:40:23,13:42:03,13:43:42,13:45:23,13:47:00,13:48:43,13:51:23,13:53:43,13:55:35
검단오류,운연,109,13:08:57,13:10:59,13:13:36,13:15:44,13:17:31,13:19:08,13:21:39,13:23:30,13:25:54,13:27:31,13:30:17,13:32:21,13:34:19,13:35:56,13:37:50,13:40:16,13:42:31,13:44:22,13:46:36,13:48:16,13:49:55,13:51:36,13:53:13,13:54:56,13:57:36,13:59:56,14:01:48
검단오류,운연,110,13:15:10,13:17:12,13:19:49,13:21:57,13:23:44,13:25:21,13:27:52,13:29:43,13:32:07,13:33:44,13:36:30,13:38:34,13:40:32,13:42:09,13:44:03,13:46:29,13:48:44,13:50:35,13:52:49,13:54:29,13:56:08,13:57:49,13:59:26,14:01:09,14:03:49,14:06:09,14:08:01
검단오류,운연,111,13:21:23,13:23:25,13:26:02,13:28:10,13:29:57,13:31:34,13:34:05,13:35:56,13:38:20,13:39:57,13:42:43,13:44:47,13:46:45,13:48:22,13:50:16,13:52:42,13:54:57,13:56:48,13:59:02,14:00:42,14:02:21,14:04:02,14:05:39,14:07:22,14:10:02,14:12:22,14:14:14
검단오류,운연,112,13:27:36,13:29:38,13:32:15,13:34:23,13:36:10,13:37:47,13:40:18,13:42:09,13:44:33,13:46:10,13:48:56,13:51:00,13:52:58,13:54:35,13:56:29,13:58:55,14:01:10,14:03:01,14:05:15,14:06:55,14:08:34,14:10:15,14:11:52,14:13:35,14:16:15,14:18:35,14:20:27
검단오류,운연,113,13:33:49,13:35:51,13:38:28,13:40:36,13:42:23,13:44:00,13:46:31,13:48:22,13:50:46,13:52:23,13:55:09,13:57:13,13:59:11,14:00:48,14:02:42,14:05:08,14:07:23,14:09:14,14:11:28,14:13:08,14:14:47,14:16:28,14:18:05,14:19:48,14:22:28,14:24:48,14:26:40
검단오류,운연,114,13:40:02,13:42:04,13:44:41,13:46:49,13:48:36,13:50:13,13:52:44,13:54:35,13:56:59,13:58:36,14:01:22,14:03:26,14:05:24,14:07:01,14:08:55,14:11:21,14:13:36,14:15:27,14:17:41,14:19:21,14:21:00,14:22:41,14:24:18,14:26:01,14:28:41,14:31:01,14:32:53
검단오류,운연,115,13:46:15,13:48:17,13:50:54,13:53:02,13:54:49,13:56:26,13:58:57,14:00:48,14:03:12,14:04:49,14:07:35,14:09:39,14:11:37,14:13:14,14:15:08,14:17:34,14:19:49,14:21:40,14:23:54,14:25:34,14:27:13,14:28:54,14:30:31,14:32:14,14:34:54,14:37:14,14:39:06
검단오류,운연,116,13:52:28,13:54:30,13:57:07,13:59:15,14:01:02,14:02:39,14:05:10,14:07:01,14:09:25,14:11:02,14:13:48,14:15:52,14:17:50,14:19:27,14:21:21,14:23:47,14:26:02,14:27:53,14:30:07,14:31:47,14:33:26,14:35:07,14:36:44,14:38:27,14:41:07,14:43:27,14:45:19
검단오류,운연,117,13:58:41,14:00:43,14:03:20,14:05:28,14:07:15,14:08:52,14:11:23,14:13:14,14:15:38,14:17:15,14:20:01,14:22:05,14:24:03,14:25:40,14:27:34,14:30:00,14:32:15,14:34:06,14:36:20,14:38:00,14:39:39,14:41:20,14:42:57,14:44:40,14:47:20,14:49:40,14:51:32
검단오류,운연,118,14:04:54,14:06:56,14:09:33,14:11:41,14:13:28,14:15:05,14:17:36,14:19:27,14:21:51,14:23:28,14:26:14,14:28:18,14:30:16,14:31:53,14:33:47,14:36:13,14:38:28,14:40:19,14:42:33,14:44:13,14:45:52,14:47:33,14:49:10,14:50:53,14:53:33,14:55:53,14:57:45
검단오류,운연,119,14:11:07,14:13:09,14:15:46,14:17:54,14:19:41,14:21:18,14:23:49,14:25:40,14:28:04,14:29:41,14:32:27,14:34:31,14:36:29,14:38:06,14:40:00,14:42:26,14:44:41,14:46:32,14:48:46,14:50:26,14:52:05,14:53:46,14:55:23,14:57:06,14:59:46,15:02:06,15:03:58
검단오류,운연,120,14:17:20,14:19:22,14:21:59,14:24:07,14:25:54,14:27:31,14:30:02,14:31:53,14:34:17,14:35:54,14:38:40,14:40:44,14:42:42,14:44:19,14:46:13,14:48:39,14:50:54,14:52:45,14:54:59,14:56:39,14:58:18,14:59:59,15:01:36,15:03:19,15:05:59,15:08:19,15:10:11
검단오류,운연,121,14:23:33,14:25:35,14:28:12,14:30:20,14:32:07,14:33:44,14:36:15,14:38:06,14:40:30,14:42:07,14:44:53,14:46:57,14:48:55,14:50:32,14:52:26,14:54:52,14:57:07,14:58:58,15:01:12,15:02:52,15:04:31,15:06:12,15:07:49,15:09:32,15:12:12,15:14:32,15:16:24
검단오류,운연,122,14:29:46,14:31:48,14:34:25,14:36:33,14:38:20,14:39:57,14:42:28,14:44:19,14:46:43,14:48:20,14:51:06,14:53:10,14:55:08,14:56:45,14:58:39,15:01:05,15:03:20,15:05:11,15:07:25,15:09:05,15:10:44,15:12:25,15:14:02,15:15:45,15:18:25,15:20:45,15:22:37
검단오류,운연,123,14:35:59,14:38:01,14:40:38,14:42:46,14:44:33,14:46:10,14:48:41,14:50:32,14:52:56,14:54:33,14:57:19,14:59:23,15:01:21,15:02:58,15:04:52,15:07:18,15:09:33,15:11:24,15:13:38,15:15:18,15:16:57,15:18:38,15:20:15,15:21:58,15:24:38,15:26:58,15:28:50
검단오류,운연,124,14:42:12,14:44:14,14:46:51,14:48:59,14:50:46,14:52:23,14:54:54,14:56:45,14:59:09,15:00:46,15:03:32,15:05:36,15:07:34,15:09:11,15:11:05,15:13:31,15:15:46,15:17:37,15:19:51,15:21:31,15:23:10,15:24:51,15:26:28,15:28:11,15:30:51,15:33:11,15:35:03
검단오류,운연,125,14:48:25,14:50:27,14:53:04,14:55:12,14:56:59,14:58:36,15:01:07,15:02:58,15:05:22,15:06:59,15:09:45,15:11:49,15:13:47,15:15:24,15:17:18,15:19:44,15:21:59,15:23:50,15:26:04,15:27:44,15:29:23,15:31:04,15:32:41,15:34:24,15:37:04,15:39:24,15:41:16
검단오류,운연,126,14:54:38,14:56:40,14:59:17,15:01:25,15:03:12,15:04:49,15:07:20,15:09:11,15:11:35,15:13:12,15:15:58,15:18:02,15:20:00,15:21:37,15:23:31,15:25:57,15:28:12,15:30:03,15:32:17,15:33:57,15:35:36,15:37:17,15:38:54,15:40:37,15:43:17,15:45:37,15:47:29
검단오류,운연,127,15:00:51,15:02:53,15:05:30,15:07:38,15:09:25,15:11:02,15:13:33,15:15:24,15:17:48,15:19:25,15:22:11,15:24:15,15:26:13,15:27:50,15:29:44,15:32:10,15:34:25,15:36:16,15:38:30,15:40:10,15:41:49,15:43:30,15:45:07,15:46:50,15:49:30,15:51:50,15:53:42
검단오류,운연,128,15:07:04,15:09:06,15:11:43,15:13:51,15:15:38,15:17:15,15:19:46,15:21:37,15:24:01,15:25:38,15:28:24,15:30:28,15:32:26,15:34:03,15:35:57,15:38:23,15:40:38,15:42:29,15:44:43,15:46:23,15:48:02,15:49:43,15:51:20,15:53:03,15:55:43,15:58:03,15:59:55
검단오류,운연,129,15:13:17,15:15:19,15:17:56,15:20:04,15:21:51,15:23:28,15:25:59,15:27:50,15:30:14,15:31:51,15:34:37,15:36:41,15:38:39,15:40:16,15:42:10,15:44:36,15:46:51,15:48:42,15:50:56,15:52:36,15:54:15,15:55:56,15:57:33,15:59:16,16:01:56,16:04:16,16:06:08
검단오류,운연,130,15:19:30,15:21:32,15:24:09,15:26:17,15:28:04,15:29:41,15:32:12,15:34:03,15:36:27,15:38:04,15:40:50,15:42:54,15:44:52,15:46:29,15:48:23,15:50:49,15:53:04,15:54:55,15:57:09,15:58:49,16:00:28,16:02:09,16:03:46,16:05:29,16:08:09,16:10:29,16:12:21
검단오류,운연,131,15:25:43,15:27:45,15:30:22,15:32:30,15:34:17,15:35:54,15:38:25,15:40:16,15:42:40,15:44:17,15:47:03,15:49:07,15:51:05,15:52:42,15:54:36,15:57:02,15:59:17,16:01:08,16:03:22,16:05:02,16:06:41,16:08:22,16:09:59,16:11:42,16:14:22,16:16:42,16:18:34
검단오류,운연,132,15:31:56,15:33:58,15:36:35,15:38:43,15:40:30,15:42:07,15:44:38,15:46:29,15:48:53,15:50:30,15:53:16,15:55:20,15:57:18,15:58:55,16:00:49,16:03:15,16:05:30,16:07:21,16:09:35,16:11:15,16:12:54,16:14:35,16:16:12,16:17:55,16:20:35,16:22:55,16:24:47
검단오류,운연,133,15:39:35,15:41:37,15:44:14,15:46:22,15:48:09,15:49:46,15:52:17,15:54:08,15:56:32,15:58:09,16:00:55,16:02:59,16:04:57,16:06:34,16:08:28,16:10:54,16:13:09,16:15:00,16:17:14,16:18:54,16:20:33,16:22:14,16:23:51,16:25:34,16:28:16,16:30:36,16:32:28
검단오류,운연,134,15:44:15,15:46:17,15:48:54,15:51:02,15:52:49,15:54:26,15:56:57,15:58:48,16:01:12,16:02:49,16:05:35,16:07:39,16:09:37,16:11:14,16:13:08,16:15:34,16:17:49,16:19:40,16:21:54,16:23:34,16:25:13,16:26:54,16:28:31,16:30:14,16:32:56,16:35:16,16:37:08
검단오류,운연,135,15:48:55,15:50:57,15:53:34,15:55:42,15:57:29,15:59:06,16:01:37,16:03:28,16:05:52,16:07:29,16:10:15,16:12:19,16:14:17,16:15:54,16:17:48,16:20:14,16:22:29,16:24:20,16:26:34,16:28:14,16:29:53,16:31:34,16:33:11,16:34:54,16:37:36,16:39:56,16:41:48
검단오류,운연,136,15:53:35,15:55:37,15:58:14,16:00:22,16:02:09,16:03:46,16:06:17,16:08:08,16:10:32,16:12:09,16:14:55,16:16:59,16:18:57,16:20:34,16:22:28,16:24:54,16:27:09,16:29:00,16:31:14,16:32:54,16:34:33,16:36:14,16:37:51,16:39:34,16:42:16,16:44:36,16:46:28
검단오류,운연,137,15:58:15,16:00:17,16:02:54,16:05:02,16:06:49,16:08:26,16:10:57,16:12:48,16:15:12,16:16:49,16:19:35,16:21:39,16:23:37,16:25:14,16:27:08,16:29:34,16:31:49,16:33:40,16:35:54,16:37:34,16:39:13,16:40:54,16:42:31,16:44:14,16:46:56,16:49:16,16:51:08
검단오류,운연,138,16:02:55,16:04:57,16:07:34,16:09:42,16:11:29,16:13:06,16:15:37,16:17:28,16:19:52,16:21:29,16:24:15,16:26:19,16:28:17,16:29:54,16:31:48,16:34:14,16:36:29,16:38:20,16:40:34,16:42:14,16:43:53,16:45:34,16:47:11,16:48:54,16:51:36,16:53:56,16:55:48
검단오류,운연,139,16:07:35,16:09:37,16:12:14,16:14:22,16:16:09,16:17:46,16:20:17,16:22:08,16:24:32,16:26:09,16:28:55,16:30:59,16:32:57,16:34:34,16:36:28,16:38:54,16:41:09,16:43:00,16:45:14,16:46:54,16:48:33,16:50:14,16:51:51,16:53:34,16:56:16,16:58:36,17:00:28
검단오류,운연,140,16:12:15,16:14:17,16:16:54,16:19:02,16:20:49,16:22:26,16:24:57,16:26:48,16:29:12,16:30:49,16:33:35,16:35:39,16:37:37,16:39:14,16:41:08,16:43:34,16:45:49,16:47:40,16:49:54,16:51:34,16:53:13,16:54:54,16:56:31,16:58:14,17:00:56,17:03:16,17:05:08
검단오류,운연,141,16:16:55,16:18:57,16:21:34,16:23:42,16:25:29,16:27:06,16:29:37,16:31:28,16:33:52,16:35:29,16:38:15,16:40:19,16:42:17,16:43:54,16:45:48,16:48:14,16:50:29,16:52:20,16:54:34,16:56:14,16:57:53,16:59:34,17:01:11,17:02:54,17:05:36,17:07:56,17:09:48
검단오류,운연,142,16:21:35,16:23:37,16:26:14,16:28:22,16:30:09,16:31:46,16:34:17,16:36:08,16:38:32,16:40:09,16:42:55,16:44:59,16:46:57,16:48:34,16:50:28,16:52:54,16:55:09,16:57:00,16:59:14,17:00:54,17:02:33,17:04:14,17:05:51,17:07:34,17:10:16,17:12:36,17:14:28
검단오류,운연,143,16:26:15,16:28:17,16:30:54,16:33:02,16:34:49,16:36:26,16:38:57,16:40:48,16:43:12,16:44:49,16:47:35,16:49:39,16:51:37,16:53:14,16:55:08,16:57:34,16:59:49,17:01:40,17:03:54,17:05:34,17:07:13,17:08:54,17:10:31,17:12:14,17:14:56,17:17:16,17:19:08
검단오류,운연,144,16:30:55,16:32:57,16:35:34,16:37:42,16:39:29,16:41:06,16:43:37,16:45:28,16:47:52,16:49:29,16:52:15,16:54:19,16:56:17,16:57:54,16:59:48,17:02:14,17:04:29,17:06:20,17:08:34,17:10:14,17:11:53,17:13:34,17:15:11,17:16:54,17:19:36,17:21:56,17:23:48
검단오류,운연,145,16:35:35,16:37:37,16:40:14,16:42:22,16:44:09,16:45:46,16:48:17,16:50:08,16:52:32,16:54:09,16:56:55,16:58:59,17:00:57,17:02:34,17:04:28,17:06:54,17:09:09,17:11:00,17:13:14,17:14:54,17:16:33,17:18:14,17:19:51,17:21:34,17:24:16,17:26:36,17:28:28
검단오류,운연,146,16:40:15,16:42:17,16:44:54,16:47:02,16:48:49,16:50:26,16:52:57,16:54:48,16:57:12,16:58:49,17:01:35,17:03:39,17:05:37,17:07:14,17:09:08,17:11:34,17:13:49,17:15:40,17:17:54,17:19:34,17:21:13,17:22:54,17:24:31,17:26:14,17:28:56,17:31:16,17:33:08
검단오류,운연,147,16:44:55,16:46:57,16:49:34,16:51:42,16:53:29,16:55:06,16:57:37,16:59:28,17:01:52,17:03:29,17:06:15,17:08:19,17:10:17,17:11:54,17:13:48,17:16:14,17:18:29,17:20:20,17:22:34,17:24:14,17:25:53,17:27:34,17:29:11,17:30:54,17:33:36,17:35:56,17:37:48
검단오류,운연,148,16:49:35,16:51:37,16:54:14,16:56:22,16:58:09,16:59:46,17:02:17,17:04:08,17:06:32,17:08:09,17:10:55,17:12:59,17:14:57,17:16:34,17:18:28,17:20:54,17:23:09,17:25:00,17:27:14,17:28:54,17:30:33,17:32:14,17:33:51,17:35:34,17:38:16,17:40:36,17:42:28
검단오류,운연,149,16:54:15,16:56:17,16:58:54,17:01:02,17:02:49,17:04:26,17:06:57,17:08:48,17:11:12,17:12:49,17:15:35,17:17:39,17:19:37,17:21:14,17:23:08,17:25:34,17:27:49,17:29:40,17:31:54,17:33:34,17:35:13,17:36:54,17:38:31,17:40:14,17:42:56,17:45:16,17:47:08
검단오류,운연,150,16:58:55,17:00:57,17:03:34,17:05:42,17:07:29,17:09:06,17:11:37,17:13:28,17:15:52,17:17:29,17:20:15,17:22:19,17:24:17,17:25:54,17:27:48,17:30:14,17:32:29,17:34:20,17:36:34,17:38:14,17:39:53,17:41:34,17:43:11,17:44:54,17:47:36,17:49:56,17:51:48
검단오류,운연,151,17:03:35,17:05:37,17:08:14,17:10:22,17:12:09,17:13:46,17:16:17,17:18:08,17:20:32,17:22:09,17:24:55,17:26:59,17:28:57,17:30:34,17:32:28,17:34:54,17:37:09,17:39:00,17:41:14,17:42:54,17:44:33,17:46:14,17:47:51,17:49:34,17:52:16,17:54:36,17:56:28
검단오류,운연,152,17:08:15,17:10:17,17:12:54,17:15:02,17:16:49,17:18:26,17:20:57,17:22:48,17:25:12,17:26:49,17:29:35,17:31:39,17:33:37,17:35:14,17:37:08,17:39:34,17:41:49,17:43:40,17:45:54,17:47:34,17:49:13,17:50:54,17:52:31,17:54:14,17:56:56,17:59:16,18:01:08
검단오류,운연,153,17:12:55,17:14:57,17:17:34,17:19:42,17:21:29,17:23:06,17:25:37,17:27:28,17:29:52,17:31:29,17:34:15,17:36:19,17:38:17,17:39:54,17:41:48,17:44:14,17:46:29,17:48:20,17:50:34,17:52:14,17:53:53,17:55:34,17:57:11,17:58:54,18:01:36,18:03:56,18:05:48
검단오류,운연,154,17:18:55,17:20:57,17:23:34,17:25:42,17:27:29,17:29:06,17:31:37,17:33:28,17:35:52,17:37:29,17:40:15,17:42:19,17:44:17,17:45:54,17:47:48,17:50:14,17:52:29,17:54:20,17:56:34,17:58:14,17:59:53,18:01:34,18:03:06,18:04:45,18:07:22,18:09:42,18:11:34
검단오류,운연,155,17:22:18,17:24:20,17:26:57,17:29:05,17:30:52,17:32:29,17:35:00,17:36:51,17:39:15,17:40:52,17:43:38,17:45:42,17:47:40,17:49:17,17:51:11,17:53:37,17:55:52,17:57:43,17:59:57,18:01:37,18:03:16,18:04:57,18:06:29,18:08:08,18:10:45,18:13:05,18:14:57
검단오류,운연,156,17:25:41,17:27:43,17:30:20,17:32:28,17:34:15,17:35:52,17:38:23,17:40:14,17:42:38,17:44:15,17:47:01,17:49:05,17:51:03,17:52:40,17:54:34,17:57:00,17:59:15,18:01:06,18:03:20,18:05:00,18:06:39,18:08:20,18:09:52,18:11:31,18:14:08,18:16:28,18:18:20
검단오류,운연,157,17:29:04,17:31:06,17:33:43,17:35:51,17:37:38,17:39:15,17:41:46,17:43:37,17:46:01,17:47:38,17:50:24,17:52:28,17:54:26,17:56:03,17:57:57,18:00:23,18:02:38,18:04:29,18:06:43,18:08:23,18:10:02,18:11:43,18:13:15,18:14:54,18:17:31,18:19:51,18:21:43
검단오류,운연,158,17:32:27,17:34:29,17:37:06,17:39:14,17:41:01,17:42:38,17:45:09,17:47:00,17:49:24,17:51:01,17:53:47,17:55:51,17:57:49,17:59:26,18:01:20,18:03:46,18:06:01,18:07:52,18:10:06,18:11:46,18:13:25,18:15:06,18:16:38,18:18:17,18:20:54,18:23:14,18:25:06
검단오류,운연,159,17:35:50,17:37:52,17:40:29,17:42:37,17:44:24,17:46:01,17:48:32,17:50:23,17:52:47,17:54:24,17:57:10,17:59:14,18:01:12,18:02:49,18:04:43,18:07:09,18:09:24,18:11:15,18:13:29,18:15:09,18:16:48,18:18:29,18:20:01,18:21:40,18:24:17,18:26:37,18:28:29
검단오류,운연,160,17:39:13,17:41:15,17:43:52,17:46:00,17:47:47,17:49:24,17:51:55,17:53:46,17:56:10,17:57:47,18:00:33,18:02:37,18:04:35,18:06:12,18:08:06,18:10:32,18:12:47,18:14:38,18:16:52,18:18:32,18:20:11,18:21:52,18:23:24,18:25:03,18:27:40,18:30:00,18:31:52
검단오류,운연,161,17:42:36,17:44:38,17:47:15,17:49:23,17:51:10,17:52:47,17:55:18,17:57:09,17:59:33,18:01:10,18:03:56,18:06:00,18:07:58,18:09:35,18:11:29,18:13:55,18:16:10,18:18:01,18:20:15,18:21:55,18:23:34,18:25:15,18:26:47,18:28:26,18:31:03,18:33:23,18:35:15
검단오류,운연,162,17:45:59,17:48:01,17:50:38,17:52:46,17:54:33,17:56:10,17:58:41,18:00:32,18:02:56,18:04:33,18:07:19,18:09:23,18:11:21,18:12:58,18:14:52,18:17:18,18:19:33,18:21:24,18:23:38,18:25:18,18:26:57,18:28:38,18:30:10,18:31:49,18:34:26,18:36:46,18:38:38
검단오류,운연,163,17:49:22,17:51:24,17:54:01,17:56:09,17:57:56,17:59:33,18:02:04,18:03:55,18:06:19,18:07:56,18:10:42,18:12:46,18:14:44,18:16:21,18:18:15,18:20:41,18:22:56,18:24:47,18:27:01,18:28:41,18:30:20,18:32:01,18:33:33,18:35:12,18:37:49,18:40:09,18:42:01
검단오류,운연,164,17:52:45,17:54:47,17:57:24,17:59:32,18:01:19,18:02:56,18:05:27,18:07:18,18:09:42,18:11:19,18:14:05,18:16:09,18:18:07,18:19:44,18:21:38,18:24:04,18:26:19,18:28:10,18:30:24,18:32:04,18:33:43,18:35:24,18:36:56,18:38:35,18:41:12,18:43:32,18:45:24
검단오류,운연,165,17:56:08,17:58:10,18:00:47,18:02:55,18:04:42,18:06:19,18:08:50,18:10:41,18:13:05,18:14:42,18:17:28,18:19:32,18:21:30,18:23:07,18:25:01,18:27:27,18:29:42,18:31:33,18:33:47,18:35:27,18:37:06,18:38:47,18:40:19,18:41:58,18:44:35,18:46:55,18:48:47
검단오류,운연,166,17:59:31,18:01:33,18:04:10,18:06:18,18:08:05,18:09:42,18:12:13,18:14:04,18:16:28,18:18:05,18:20:51,18:22:55,18:24:53,18:26:30,18:28:24,18:30:50,18:33:05,18:34:56,18:37:10,18:38:50,18:40:29,18:42:10,18:43:42,18:45:21,18:47:58,18:50:18,18:52:10
검단오류,운연,167,18:02:54,18:04:56,18:07:33,18:09:41,18:11:28,18:13:05,18:15:36,18:17:27,18:19:51,18:21:28,18:24:14,18:26:18,18:28:16,18:29:53,18:31:47,18:34:13,18:36:28,18:38:19,18:40:33,18:42:13,18:43:52,18:45:33,18:47:05,18:48:44,18:51:21,18:53:41,18:55:33
검단오류,운연,168,18:06:17,18:08:19,18:10:56,18:13:04,18:14:51,18:16:28,18:18:59,18:20:50,18:23:14,18:24:51,18:27:37,18:29:41,18:31:39,18:33:16,18:35:10,18:37:36,18:39:51,18:41:42,18:43:56,18:45:36,18:47:15,18:48:56,18:50:28,18:52:07,18:54:44,18:57:04,18:58:56
검단오류,운연,169,18:09:40,18:11:42,18:14:19,18:16:27,18:18:14,18:19:51,18:22:22,18:24:13,18:26:37,18:28:14,18:31:00,18:33:04,18:35:02,18:36:39,18:38:33,18:40:59,18:43:14,18:45:05,18:47:19,18:48:59,18:50:38,18:52:19,18:53:51,18:55:30,18:58:07,19:00:27,19:02:19
검단오류,운연,170,18:13:03,18:15:05,18:17:42,18:19:50,18:21:37,18:23:14,18:25:45,18:27:36,18:30:00,18:31:37,18:34:23,18:36:27,18:38:25,18:40:02,18:41:56,18:44:22,18:46:37,18:48:28,18:50:42,18:52:22,18:54:01,18:55:42,18:57:14,18:58:53,19:01:30,19:03:50,19:05:42
검단오류,운연,171,18:16:26,18:18:28,18:21:05,18:23:13,18:25:00,18:26:37,18:29:08,18:30:59,18:33:23,18:35:00,18:37:46,18:39:50,18:41:48,18:43:25,18:45:19,18:47:45,18:50:00,18:51:51,18:54:05,18:55:45,18:57:24,18:59:05,19:00:37,19:02:16,19:04:53,19:07:13,19:09:05
검단오류,운연,172,18:19:49,18:21:51,18:24:28,18:26:36,18:28:23,18:30:00,18:32:31,18:34:22,18:36:46,18:38:23,18:41:09,18:43:13,18:45:11,18:46:48,18:48:42,18:51:08,18:53:23,18:55:14,18:57:28,18:59:08,19:00:47,19:02:28,19:04:00,19:05:39,19:08:16,19:10:36,19:12:28
검단오류,운연,173,18:23:12,18:25:14,18:27:51,18:29:59,18:31:46,18:33:23,18:35:54,18:37:45,18:40:09,18:41:46,18:44:32,18:46:36,18:48:34,18:50:11,18:52:05,18:54:31,18:56:46,18:58:37,19:00:51,19:02:31,19:04:10,19:05:51,19:07:23,19:09:02,19:11:39,19:13:59,19:15:51
검단오류,운연,174,18:26:35,18:28:37,18:31:14,18:33:22,18:35:09,18:36:46,18:39:17,18:41:08,18:43:32,18:45:09,18:47:55,18:49:59,18:51:57,18:53:34,18:55:28,18:57:54,19:00:09,19:02:00,19:04:14,19:05:54,19:07:33,19:09:14,19:10:46,19:12:25,19:15:02,19:17:22,19:19:14
검단오류,운연,175,18:29:58,18:32:00,18:34:37,18:36:45,18:38:32,18:40:09,18:42:40,18:44:31,18:46:55,18:48:32,18:51:18,18:53:22,18:55:20,18:56:57,18:58:51,19:01:17,19:03:32,19:05:23,19:07:37,19:09:17,19:10:56,19:12:37,19:14:09,19:15:48,19:18:25,19:20:45,19:22:37
검단오류,운연,176,18:33:21,18:35:23,18:38:00,18:40:08,18:41:55,18:43:32,18:46:03,18:47:54,18:50:18,18:51:55,18:54:41,18:56:45,18:58:43,19:00:20,19:02:14,19:04:40,19:06:55,19:08:46,19:11:00,19:12:40,19:14:19,19:16:00,19:17:32,19:19:11,19:21:48,19:24:08,19:26:00
검단오류,운연,177,18:36:44,18:38:46,18:41:23,18:43:31,18:45:18,18:46:55,18:49:26,18:51:17,18:53:41,18:55:18,18:58:04,19:00:08,19:02:06,19:03:43,19:05:37,19:08:03,19:10:18,19:12:09,19:14:23,19:16:03,19:17:42,19:19:23,19:20:55,19:22:34,19:25:11,19:27:31,19:29:23
검단오류,운연,178,18:40:07,18:42:09,18:44:46,18:46:54,18:48:41,18:50:18,18:52:49,18:54:40,18:57:04,18:58:41,19:01:27,19:03:31,19:05:29,19:07:06,19:09:00,19:11:26,19:13:41,19:15:32,19:17:46,19:19:26,19:21:05,19:22:46,19:24:18,19:25:57,19:28:34,19:30:54,19:32:46
검단오류,운연,179,18:43:30,18:45:32,18:48:09,18:50:17,18:52:04,18:53:41,18:56:12,18:58:03,19:00:27,19:02:04,19:04:50,19:06:54,19:08:52,19:10:29,19:12:23,19:14:49,19:17:04,19:18:55,19:21:09,19:22:49,19:24:28,19:26:09,19:27:41,19:29:20,19:31:57,19:34:17,19:36:09
검단오류,운연,180,18:46:53,18:48:55,18:51:32,18:53:40,18:55:27,18:57:04,18:59:35,19:01:26,19:03:50,19:05:27,19:08:13,19:10:17,19:12:15,19:13:52,19:15:46,19:18:12,19:20:27,19:22:18,19:24:32,19:26:12,19:27:51,19:29:32,19:31:04,19:32:43,19:35:20,19:37:40,19:39:32
검단오류,운연,181,18:50:16,18:52:18,18:54:55,18:57:03,18:58:50,19:00:27,19:02:58,19:04:49,19:07:13,19:08:50,19:11:36,19:13:40,19:15:38,19:17:15,19:19:09,19:21:35,19:23:50,19:25:41,19:27:55,19:29:35,19:31:14,19:32:55,19:34:27,19:36:06,19:38:43,19:41:03,19:42:55
검단오류,운연,182,18:53:39,18:55:41,18:58:18,19:00:26,19:02:13,19:03:50,19:06:21,19:08:12,19:10:36,19:12:13,19:14:59,19:17:03,19:19:01,19:20:38,19:22:32,19:24:58,19:27:13,19:29:04,19:31:18,19:32:58,19:34:37,19:36:18,19:37:50,19:39:29,19:42:06,19:44:26,19:46:18
검단오류,운연,183,18:57:02,18:59:04,19:01:41,19:03:49,19:05:36,19:07:13,19:09:44,19:11:35,19:13:59,19:15:36,19:18:22,19:20:26,19:22:24,19:24:01,19:25:55,19:28:21,19:30:36,19:32:27,19:34:41,19:36:21,19:38:00,19:39:41,19:41:13,19:42:52,19:45:29,19:47:49,19:49:41
검단오류,운연,184,19:00:25,19:02:27,19:05:04,19:07:12,19:08:59,19:10:36,19:13:07,19:14:58,19:17:22,19:18:59,19:21:45,19:23:49,19:25:47,19:27:24,19:29:18,19:31:44,19:33:59,19:35:50,19:38:04,19:39:44,19:41:23,19:43:04,19:44:36,19:46:15,19:48:52,19:51:12,19:53:04
검단오류,운연,185,19:03:48,19:05:50,19:08:27,19:10:35,19:12:22,19:13:59,19:16:30,19:18:21,19:20:45,19:22:22,19:25:08,19:27:12,19:29:10,19:30:47,19:32:41,19:35:07,19:37:22,19:39:13,19:41:27,19:43:07,19:44:46,19:46:27,19:47:59,19:49:38,19:52:15,19:54:35,19:56:27
검단오류,운연,186,19:07:11,19:09:13,19:11:50,19:13:58,19:15:45,19:17:22,19:19:53,19:21:44,19:24:08,19:25:45,19:28:31,19:30:35,19:32:33,19:34:10,19:36:04,19:38:30,19:40:45,19:42:36,19:44:50,19:46:30,19:48:09,19:49:50,19:51:22,19:53:01,19:55:38,19:57:58,19:59:50
검단오류,운연,187,19:10:34,19:12:36,19:15:13,19:17:21,19:19:08,19:20:45,19:23:16,19:25:07,19:27:31,19:29:08,19:31:54,19:33:58,19:35:56,19:37:33,19:39:27,19:41:53,19:44:08,19:45:59,19:48:13,19:49:53,19:51:32,19:53:13,19:54:45,19:56:24,19:59:01,20:01:21,20:03:13
검단오류,운연,188,19:13:57,19:15:59,19:18:36,19:20:44,19:22:31,19:24:08,19:26:39,19:28:30,19:30:54,19:32:31,19:35:17,19:37:21,19:39:19,19:40:56,19:42:50,19:45:16,19:47:31,19:49:22,19:51:36,19:53:16,19:54:55,19:56:36,19:58:08,19:59:47,20:02:24,20:04:44,20:06:36
검단오류,운연,189,19:17:20,19:19:22,19:21:59,19:24:07,19:25:54,19:27:31,19:30:02,19:31:53,19:34:17,19:35:54,19:38:40,19:40:44,19:42:42,19:44:19,19:46:13,19:48:39,19:50:54,19:52:45,19:54:59,19:56:39,19:58:18,19:59:59,20:01:31,20:03:10,20:05:47,20:08:07,20:09:59
검단오류,운연,190,19:20:43,19:22:45,19:25:22,19:27:30,19:29:17,19:30:54,19:33:25,19:35:16,19:37:40,19:39:17,19:42:03,19:44:07,19:46:05,19:47:42,19:49:36,19:52:02,19:54:17,19:56:08,19:58:22,20:00:02,20:01:41,20:03:22,20:04:54,20:06:33,20:09:10,20:11:30,20:13:22
검단오류,운연,191,19:24:06,19:26:08,19:28:45,19:30:53,19:32:40,19:34:17,19:36:48,19:38:39,19:41:03,19:42:40,19:45:26,19:47:30,19:49:28,19:51:05,19:52:59,19:55:25,19:57:40,19:59:31,20:01:45,20:03:25,20:05:04,20:06:45,20:08:17,20:09:56,20:12:33,20:14:53,20:16:45
검단오류,운연,192,19:27:29,19:29:31,19:32:08,19:34:16,19:36:03,19:37:40,19:40:11,19:42:02,19:44:26,19:46:03,19:48:49,19:50:53,19:52:51,19:54:28,19:56:22,19:58:48,20:01:03,20:02:54,20:05:08,20:06:48,20:08:27,20:10:08,20:11:40,20:13:19,20:15:56,20:18:16,20:20:08
검단오류,운연,193,19:30:52,19:32:54,19:35:31,19:37:39,19:39:26,19:41:03,19:43:34,19:45:25,19:47:49,19:49:26,19:52:12,19:54:16,19:56:14,19:57:51,19:59:45,20:02:11,20:04:26,20:06:17,20:08:31,20:10:11,20:11:50,20:13:31,20:15:03,20:16:42,20:19:19,20:21:39,20:23:31
검단오류,운연,194,19:34:15,19:36:17,19:38:54,19:41:02,19:42:49,19:44:26,19:46:57,19:48:48,19:51:12,19:52:49,19:55:35,19:57:39,19:59:37,20:01:14,20:03:08,20:05:34,20:07:49,20:09:40,20:11:54,20:13:34,20:15:13,20:16:54,20:18:26,20:20:05,20:22:42,20:25:02,20:26:54
검단오류,운연,195,19:37:38,19:39:40,19:42:17,19:44:25,19:46:12,19:47:49,19:50:20,19:52:11,19:54:35,19:56:12,19:58:58,20:01:02,20:03:00,20:04:37,20:06:31,20:08:57,20:11:12,20:13:03,20:15:17,20:16:57,20:18:36,20:20:17,20:21:49,20:23:28,20:26:05,20:28:25,20:30:17
검단오류,운연,196,19:41:01,19:43:03,19:45:40,19:47:48,19:49:35,19:51:12,19:53:43,19:55:34,19:57:58,19:59:35,20:02:21,20:04:25,20:06:23,20:08:00,20:09:54,20:12:20,20:14:35,20:16:26,20:18:40,20:20:20,20:21:59,20:23:40,20:25:12,20:26:51,20:29:28,20:31:48,20:33:40
검단오류,운연,197,19:44:24,19:46:26,19:49:03,19:51:11,19:52:58,19:54:35,19:57:06,19:58:57,20:01:21,20:02:58,20:05:44,20:07:48,20:09:46,20:11:23,20:13:17,20:15:43,20:17:58,20:19:49,20:22:03,20:23:43,20:25:22,20:27:03,20:28:35,20:30:14,20:32:51,20:35:11,20:37:03
검단오류,운연,198,19:47:48,19:49:50,19:52:27,19:54:35,19:56:22,19:57:59,20:00:30,20:02:21,20:04:45,20:06:22,20:09:08,20:11:12,20:13:10,20:14:47,20:16:41,20:19:07,20:21:22,20:23:13,20:25:27,20:27:07,20:28:46,20:30:27,20:32:04,20:33:47,20:36:27,20:38:47,20:40:39
검단오류,운연,199,19:54:01,19:56:03,19:58:40,20:00:48,20:02:35,20:04:12,20:06:43,20:08:34,20:10:58,20:12:35,20:15:21,20:17:25,20:19:23,20:21:00,20:22:54,20:25:20,20:27:35,20:29:26,20:31:40,20:33:20,20:34:59,20:36:40,20:38:17,20:40:00,20:42:40,20:45:00,20:46:52
검단오류,운연,200,20:00:14,20:02:16,20:04:53,20:07:01,20:08:48,20:10:25,20:12:56,20:14:47,20:17:11,20:18:48,20:21:34,20:23:38,20:25:36,20:27:13,20:29:07,20:31:33,20:33:48,20:35:39,20:37:53,20:39:33,20:41:12,20:42:53,20:44:30,20:46:13,20:48:53,20:51:13,20:53:05
검단오류,운연,201,20:06:27,20:08:29,20:11:06,20:13:14,20:15:01,20:16:38,20:19:09,20:21:00,20:23:24,20:25:01,20:27:47,20:29:51,20:31:49,20:33:26,20:35:20,20:37:46,20:40:01,20:41:52,20:44:06,20:45:46,20:47:25,20:49:06,20:50:43,20:52:26,20:55:06,20:57:26,20:59:18
검단오류,운연,202,20:12:40,20:14:42,20:17:19,20:19:27,20:21:14,20:22:51,20:25:22,20:27:13,20:29:37,20:31:14,20:34:00,20:36:04,20:38:02,20:39:39,20:41:33,20:43:59,20:46:14,20:48:05,20:50:19,20:51:59,20:53:38,20:55:19,20:56:56,20:58:39,21:01:19,21:03:39,21:05:31
검단오류,운연,203,20:18:53,20:20:55,20:23:32,20:25:40,20:27:27,20:29:04,20:31:35,20:33:26,20:35:50,20:37:27,20:40:13,20:42:17,20:44:15,20:45:52,20:47:46,20:50:12,20:52:27,20:54:18,20:56:32,20:58:12,20:59:51,21:01:32,21:03:09,21:04:52,21:07:32,21:09:52,21:11:44
검단오류,운연,204,20:25:06,20:27:08,20:29:45,20:31:53,20:33:40,20:35:17,20:37:48,20:39:39,20:42:03,20:43:40,20:46:26,20:48:30,20:50:28,20:52:05,20:53:59,20:56:25,20:58:40,21:00:31,21:02:45,21:04:25,21:06:04,21:07:45,21:09:22,21:11:05,21:13:45,21:16:05,21:17:57
검단오류,운연,205,20:31:19,20:33:21,20:35:58,20:38:06,20:39:53,20:41:30,20:44:01,20:45:52,20:48:16,20:49:53,20:52:39,20:54:43,20:56:41,20:58:18,21:00:12,21:02:38,21:04:53,21:06:44,21:08:58,21:10:38,21:12:17,21:13:58,21:15:35,21:17:18,21:19:58,21:22:18,21:24:10
검단오류,운연,206,20:37:32,20:39:34,20:42:11,20:44:19,20:46:06,20:47:43,20:50:14,20:52:05,20:54:29,20:56:06,20:58:52,21:00:56,21:02:54,21:04:31,21:06:25,21:08:51,21:11:06,21:12:57,21:15:11,21:16:51,21:18:30,21:20:11,21:21:48,21:23:31,21:26:11,21:28:31,21:30:23
검단오류,운연,207,20:43:45,20:45:47,20:48:24,20:50:32,20:52:19,20:53:56,20:56:27,20:58:18,21:00:42,21:02:19,21:05:05,21:07:09,21:09:07,21:10:44,21:12:38,21:15:04,21:17:19,21:19:10,21:21:24,21:23:04,21:24:43,21:26:24,21:28:01,21:29:44,21:32:24,21:34:44,21:36:36
검단오류,운연,208,20:49:58,20:52:00,20:54:37,20:56:45,20:58:32,21:00:09,21:02:40,21:04:31,21:06:55,21:08:32,21:11:18,21:13:22,21:15:20,21:16:57,21:18:51,21:21:17,21:23:32,21:25:23,21:27:37,21:29:17,21:30:56,21:32:37,21:34:14,21:35:57,21:38:37,21:40:57,21:42:49
검단오류,운연,209,20:56:11,20:58:13,21:00:50,21:02:58,21:04:45,21:06:22,21:08:53,21:10:44,21:13:08,21:14:45,21:17:31,21:19:35,21:21:33,21:23:10,21:25:04,21:27:30,21:29:45,21:31:36,21:33:50,21:35:30,21:37:09,21:38:50,21:40:27,21:42:10,21:44:50,21:47:10,21:49:02
검단오류,운연,210,21:02:24,21:04:26,21:07:03,21:09:11,21:10:58,21:12:35,21:15:06,21:16:57,21:19:21,21:20:58,21:23:44,21:25:48,21:27:46,21:29:23,21:31:17,21:33:43,21:35:58,21:37:49,21:40:03,21:41:43,21:43:22,21:45:03,21:46:40,21:48:23,21:51:03,21:53:23,21:55:15
검단오류,운연,211,21:08:37,21:10:39,21:13:16,21:15:24,21:17:11,21:18:48,21:21:19,21:23:10,21:25:34,21:27:11,21:29:57,21:32:01,21:33:59,21:35:36,21:37:30,21:39:56,21:42:11,21:44:02,21:46:16,21:47:56,21:49:35,21:51:16,21:52:53,21:54:36,21:57:16,21:59:36,22:01:28
검단오류,운연,212,21:14:50,21:16:52,21:19:29,21:21:37,21:23:24,21:25:01,21:27:32,21:29:23,21:31:47,21:33:24,21:36:10,21:38:14,21:40:12,21:41:49,21:43:43,21:46:09,21:48:24,21:50:15,21:52:29,21:54:09,21:55:48,21:57:29,21:59:06,22:00:49,22:03:29,22:05:49,22:07:41
검단오류,운연,213,21:21:03,21:23:05,21:25:42,21:27:50,21:29:37,21:31:14,21:33:45,21:35:36,21:38:00,21:39:37,21:42:23,21:44:27,21:46:25,21:48:02,21:49:56,21:52:22,21:54:37,21:56:28,21:58:42,22:00:22,22:02:01,22:03:42,22:05:19,22:07:02,22:09:42,22:12:02,22:13:54
검단오류,운연,214,21:27:16,21:29:18,21:31:55,21:34:03,21:35:50,21:37:27,21:39:58,21:41:49,21:44:13,21:45:50,21:48:36,21:50:40,21:52:38,21:54:15,21:56:09,21:58:35,22:00:50,22:02:41,22:04:55,22:06:35,22:08:14,22:09:55,22:11:32,22:13:15,22:15:55,22:18:15,22:20:07
검단오류,운연,215,21:33:29,21:35:31,21:38:08,21:40:16,21:42:03,21:43:40,21:46:11,21:48:02,21:50:26,21:52:03,21:54:49,21:56:53,21:58:51,22:00:28,22:02:22,22:04:48,22:07:03,22:08:54,22:11:08,22:12:48,22:14:27,22:16:08,22:17:45,22:19:28,22:22:08,22:24:28,22:26:20
검단오류,운연,216,21:39:42,21:41:44,21:44:21,21:46:29,21:48:16,21:49:53,21:52:24,21:54:15,21:56:39,21:58:16,22:01:02,22:03:06,22:05:04,22:06:41,22:08:35,22:11:01,22:13:16,22:15:07,22:17:21,22:19:01,22:20:40,22:22:21,22:23:58,22:25:41,22:28:21,22:30:41,22:32:33
검단오류,운연,217,21:45:55,21:47:57,21:50:34,21:52:42,21:54:29,21:56:06,21:58:37,22:00:28,22:02:52,22:04:29,22:07:15,22:09:19,22:11:17,22:12:54,22:14:48,22:17:14,22:19:29,22:21:20,22:23:34,22:25:14,22:26:53,22:28:34,22:30:11,22:31:54,22:34:34,22:36:54,22:38:46
검단오류,운연,218,21:52:08,21:54:10,21:56:47,21:58:55,22:00:42,22:02:19,22:04:50,22:06:41,22:09:05,22:10:42,22:13:28,22:15:32,22:17:30,22:19:07,22:21:01,22:23:27,22:25:42,22:27:33,22:29:47,22:31:27,22:33:06,22:34:47,22:36:24,22:38:07,22:40:47,22:43:07,22:44:59
검단오류,운연,219,21:58:21,22:00:23,22:03:00,22:05:08,22:06:55,22:08:32,22:11:03,22:12:54,22:15:18,22:16:55,22:19:41,22:21:45,22:23:43,22:25:20,22:27:14,22:29:40,22:31:55,22:33:46,22:36:00,22:37:40,22:39:19,22:41:00,22:42:37,22:44:20,22:47:00,22:49:20,22:51:12
검단오류,운연,220,22:04:34,22:06:36,22:09:13,22:11:21,22:13:08,22:14:45,22:17:16,22:19:07,22:21:31,22:23:08,22:25:54,22:27:58,22:29:56,22:31:33,22:33:27,22:35:53,22:38:08,22:39:59,22:42:13,22:43:53,22:45:32,22:47:13,22:48:50,22:50:33,22:53:13,22:55:33,22:57:25
검단오류,운연,221,22:10:47,22:12:49,22:15:26,22:17:34,22:19:21,22:20:58,22:23:29,22:25:20,22:27:44,22:29:21,22:32:07,22:34:11,22:36:09,22:37:46,22:39:40,22:42:06,22:44:21,22:46:12,22:48:26,22:50:06,22:51:45,22:53:26,22:55:03,22:56:46,22:59:26,23:01:46,23:03:38
검단오류,운연,222,22:17:00,22:19:02,22:21:39,22:23:47,22:25:34,22:27:11,22:29:42,22:31:33,22:33:57,22:35:34,22:38:20,22:40:24,22:42:22,22:43:59,22:45:53,22:48:19,22:50:34,22:52:25,22:54:39,22:56:19,22:57:58,22:59:39,23:01:16,23:02:59,23:05:39,23:07:59,23:09:51
검단오류,운연,223,22:23:13,22:25:15,22:27:52,22:30:00,22:31:47,22:33:24,22:35:55,22:37:46,22:40:10,22:41:47,22:44:33,22:46:37,22:48:35,22:50:12,22:52:06,22:54:32,22:56:47,22:58:38,23:00:52,23:02:32,23:04:11,23:05:52,23:07:29,23:09:12,23:11:52,23:14:12,23:16:04
검단오류,운연,224,22:29:26,22:31:28,22:34:05,22:36:13,22:38:00,22:39:37,22:42:08,22:43:59,22:46:23,22:48:00,22:50:46,22:52:50,22:54:48,22:56:25,22:58:19,23:00:45,23:03:00,23:04:51,23:07:05,23:08:45,23:10:24,23:12:05,23:13:42,23:15:25,23:18:05,23:20:25,23:22:17
검단오류,운연,225,22:35:39,22:37:41,22:40:18,22:42:26,22:44:13,22:45:50,22:48:21,22:50:12,22:52:36,22:54:13,22:56:59,22:59:03,23:01:01,23:02:38,23:04:32,23:06:58,23:09:13,23:11:04,23:13:18,23:14:58,23:16:37,23:18:18,23:19:55,23:21:38,23:24:18,23:26:38,23:28:30
검단오류,운연,226,22:41:45,22:43:47,22:46:24,22:48:32,22:50:19,22:51:56,22:54:27,22:56:18,22:58:42,23:00:19,23:03:05,23:05:09,23:07:07,23:08:44,23:10:38,23:13:04,23:15:19,23:17:10,23:19:24,23:21:04,23:22:43,23:24:24,23:26:01,23:27:44,23:30:26,23:32:46,23:34:38
검단오류,운연,227,22:51:15,22:53:17,22:55:54,22:58:02,22:59:49,23:01:26,23:03:57,23:05:48,23:08:12,23:09:49,23:12:35,23:14:39,23:16:37,23:18:14,23:20:08,23:22:34,23:24:49,23:26:40,23:28:54,23:30:34,23:32:13,23:33:54,23:35:31,23:37:14,23:39:56,23:42:16,23:44:08
검단오류,운연,228,23:00:45,23:02:47,23:05:24,23:07:32,23:09:19,23:10:56,23:13:27,23:15:18,23:17:42,23:19:19,23:22:05,23:24:09,23:26:07,23:27:44,23:29:38,23:32:04,23:34:19,23:36:10,23:38:24,23:40:04,23:41:43,23:43:24,23:45:01,23:46:44,23:49:26,23:51:46,23:53:38
검단오류,운연,229,23:08:45,23:10:47,23:13:24,23:15:32,23:17:19,23:18:56,23:21:27,23:23:18,23:25:42,23:27:19,23:30:05,23:32:09,23:34:07,23:35:44,23:37:38,23:40:04,23:42:19,23:44:10,23:46:24,23:48:04,23:49:43,23:51:24,23:53:01,23:54:44,23:57:26,23:59:46,00:01:38
검단오류,운연,230,23:16:15,23:18:17,23:20:54,23:23:02,23:24:49,23:26:26,23:28:57,23:30:48,23:33:12,23:34:49,23:37:35,23:39:39,23:41:37,23:43:14,23:45:08,23:47:34,23:49:49,23:51:40,23:53:54,23:55:34,23:57:13,23:58:54,00:00:31,00:02:14,00:04:56,00:07:16,00:09:08
검단오류,운연,231,23:23:45,23:25:47,23:28:24,23:30:32,23:32:19,23:33:56,23:36:27,23:38:18,23:40:42,23:42:19,23:45:05,23:47:09,23:49:07,23:50:44,23:52:38,23:55:04,23:57:19,23:59:10,00:01:24,00:03:04,00:04:43,00:06:24,00:08:01,00:09:44,00:12:26,00:14:46,00:16:38
검단오류,운연,232,23:32:45,23:34:47,23:37:24,23:39:32,23:41:19,23:42:56,23:45:27,23:47:18,23:49:42,23:51:19,23:54:05,23:56:09,23:58:07,23:59:44,00:01:38,00:04:04,00:06:19,00:08:10,00:10:24,00:12:04,00:13:43,00:15:24,00:17:01,00:18:44,00:21:26,00:23:46,00:25:38
검단오류,운연,233,23:43:15,23:45:17,23:47:54,23:50:02,23:51:49,23:53:26,23:55:57,23:57:48,00:00:12,00:01:49,00:04:35,00:06:39,00:08:37,00:10:14,00:12:08,00:14:34,00:16:49,00:18:40,00:20:54,00:22:34,00:24:13,00:25:54,00:27:31,00:29:14,00:31:56,00:34:16,00:36:08
검단오류,운연,234,23:53:15,23:55:17,23:57:54,00:00:02,00:01:49,00:03:26,00:05:57,00:07:48,00:10:12,00:11:49,00:14:35,00:16:39,00:18:37,00:20:14,00:22:08,00:24:34,00:26:49,00:28:40,00:30:54,00:32:34,00:34:13,00:35:54,00:37:31,00:39:14,00:41:56,00:44:16,00:46:08
검단오류,운연,235,00:02:45,00:04:47,00:07:24,00:09:32,00:11:19,00:12:56,00:15:27,00:17:18,00:19:42,00:21:19,00:24:05,00:26:09,00:28:07,00:29:44,00:31:38,00:34:04,00:36:19,00:38:10,00:40:24,00:42:04,00:43:43,00:45:24,00:47:01,00:48:44,00:51:26,00:53:46,00:55:38
검단오류,운연,236,00:12:45,00:14:47,00:17:24,00:19:32,00:21:19,00:22:56,00:25:27,00:27:18,00:29:42,00:31:19,00:34:05,00:36:09,00:38:07,00:39:44,00:41:38,00:44:04,00:46:19,00:48:10,00:50:24,00:52:04,00:53:43,00:55:24,00:57:01,00:58:44,01:01:26,01:03:46,01:06:00
