철도운영기관명,선명,역명,출입구번호,상세위치,정원_인원,정원_중량
대전교통공사,1호선,갈마,내부,(B1) 표내는곳 내 대합실(B2) 월평역 방향 승강장 4-1 출입문 앞,11,750
대전교통공사,1호선,월평(한국과학기술원),1 2,(1F) 1번/2번 출입구 근처(B1) 대합실 1번/2번 출입구 방향,15,1000
대전교통공사,1호선,월평(한국과학기술원),3 4,(1F) 3번/4번 출입구 근처(B1) 대합실 3번/4번 출입구 방향,15,1000
대전교통공사,1호선,월평(한국과학기술원),내부,(B1) 표내는곳 내 대합실(B2) 구암역 방향 승강장 4-1 출입문 앞,15,1000
대전교통공사,1호선,월평(한국과학기술원),내부,(B1) 표내는곳 내 대합실(B2) 갑천역 방향 승강장 3-4 출입문 앞,15,1000
대전교통공사,1호선,갑천,1 2,(1F) 1번/2번 출입구 근처(B1) 대합실 1번/2번 출입구 방향,15,1000
대전교통공사,1호선,갑천,3,(1F) 3번 출입구 근처(B1) 대합실 3번 출입구 방향,15,1000
대전교통공사,1호선,갑천,내부,(B1) 표내는곳 내 대합실(B2) 월평역 방향 승강장 4-1 출입문 앞,15,1000
대전교통공사,1호선,갑천,내부,(B1) 표내는곳 내 대합실(B2) 유성온천역 방향 승강장 3-4 출입문 앞,15,1000
대전교통공사,1호선,유성온천(충남대.목원대),1 2,(1F) 1번/2번 출입구 근처(B1) 대합실 1번/2번 출입구 방향,15,1000
대전교통공사,1호선,유성온천(충남대.목원대),5 6,(1F) 5번 출입구 근처(B1) 대합실 5번/6번 출입구 방향,15,1000
대전교통공사,1호선,유성온천(충남대.목원대),내부,(B1) 표내는곳 내 대합실(B2) 갑천역 방향 승강장 3-4 출입문 앞,15,1000
대전교통공사,1호선,반석(칠성대),3 4,(1F) 3번/4번 출입구 옆(B1) 대합실 3번/4번 출입구 방향,15,1000
대전교통공사,1호선,반석(칠성대),내부,(B1) 표내는곳 내 대합실(B2) 지족역 방향 승강장 3-4 출입문 앞,15,1000
대전교통공사,1호선,반석(칠성대),내부,(B1) 표내는곳 내 대합실(B2) 승강장 4-1 출입문 앞,15,1000
대전교통공사,1호선,유성온천(충남대.목원대),내부,(B1) 표내는곳 내 대합실(B2) 구암역 방향 승강장 5-1 출입문 앞,15,1000
대전교통공사,1호선,구암,1 2,(1F) 1번/2번 출입구 근처(B1) 대합실 1번/2번 출입구 방향,15,1000
대전교통공사,1호선,구암,내부,(B1) 표내는곳 내 대합실(B2) 유성온천역 방향 승강장 4-1 출입문 앞,15,1000
대전교통공사,1호선,구암,내부,(B1) 표내는곳 내 대합실(B2) 현충원역 방향 승강장 3-4 출입문 앞,15,1000
대전교통공사,1호선,현충원(한밭대),내부,(1F) 1번/2번 출입구 근처(B1) 대합실 1번/2번 출입구 방향,11,750
대전교통공사,1호선,현충원(한밭대),3 4,(1F) 3번/4번 출입구 옆(B1) 대합실 3번/4번 출입구 방향,15,1000
대전교통공사,1호선,현충원(한밭대),내부,(B1) 표내는곳 내 대합실(B2) 현충원역 방향 승강장 4-1 출입문 앞,11,750
대전교통공사,1호선,현충원(한밭대),내부,(B1) 표내는곳 내 대합실(B2) 월드컵경기장역 방향 승강장 3-4 출입문 앞,11,750
대전교통공사,1호선,월드컵경기장(노은도매시장),1 2,(1F) 1번/2번 출입구 근처(B1) 대합실 1번/2번 출입구 방향,15,1000
대전교통공사,1호선,월드컵경기장(노은도매시장),3 4,(1F) 3번/4번 출입구 옆(B1) 대합실 3번/4번 출입구 방향,15,1000
대전교통공사,1호선,월드컵경기장(노은도매시장),5 6,(1F) 5번/6번 출입구 옆(B1) 대합실 5번/6번 출입구 방향,15,1000
대전교통공사,1호선,월드컵경기장(노은도매시장),7,(1F) 7번 출입구 근처(B1) 대합실 7번 출입구 방향,15,1000
대전교통공사,1호선,월드컵경기장(노은도매시장),내부,(B1) 표내는곳 내 대합실(B2) 현충원역 방향 승강장 5-4 출입문 앞,15,1000
대전교통공사,1호선,월드컵경기장(노은도매시장),내부,(B1) 표내는곳 내 대합실(B2) 노은역 방향 승강장 2-1 출입문 앞,15,1000
대전교통공사,1호선,노은,1 2,(1F) 1번/2번 출입구 근처(B1) 대합실 1번/2번 출입구 방향,15,1000
대전교통공사,1호선,노은,3 4,(1F) 3번/4번 출입구 옆(B1) 대합실 3번/4번 출입구 방향,15,1000
대전교통공사,1호선,노은,내부,(B1) 표내는곳 내 대합실(B2) 월드컵경기장역 방향 승강장 2-2 출입문 앞,15,1000
대전교통공사,1호선,노은,내부,(B1) 표내는곳 내 대합실(B2) 지족역 방향 승강장 5-4 출입문 앞,15,1000
대전교통공사,1호선,지족(침신대),내부,(B1) 표내는곳 내 대합실(B2) 노은역 방향 승강장 4-1 출입문 앞,11,750
대전교통공사,1호선,지족(침신대),내부,(B1) 표내는곳 내 대합실(B2) 반석역 방향 승강장 4-1 출입문 앞,11,750
대전교통공사,1호선,판암(대전대),1 2,(1F) 1번/2번 출입구 근처(B1) 1번/2번 출입구 방향 계단 옆,11,750
대전교통공사,1호선,판암(대전대),3 4,(1F) 3번/4번 출입구 근처(B1) 3번/4번 출입구 방향 계단 옆,11,750
대전교통공사,1호선,판암(대전대),내부,(B1) 표내는곳 내 대합실(B2) 승강장 4-1 출입문 앞,11,750
대전교통공사,1호선,판암(대전대),내부,(B1) 표내는곳 내 대합실(B2) 신흥역 방향 승강장 3-4 출입문 앞,11,750
대전교통공사,1호선,신흥,2,(1F) 2번 출입구 옆(B2) 역무실 옆,11,750
대전교통공사,1호선,신흥,내부,(B2) 표내는곳 내 대합실(B3) 판암역 방향 승강장 4-1 출입문 앞,11,750
대전교통공사,1호선,신흥,내부,(B2) 표내는곳 내 대합실(B3) 대동역 방향 승강장 3-4 출입문 앞,11,750
대전교통공사,1호선,대동(우송대),1,(1F) 1번 출입구 옆(B1) 역무실 옆,11,750
대전교통공사,1호선,대동(우송대),8,(1F) 8번 출입구 옆(B1) 대합실 화장실 옆,8,600
대전교통공사,1호선,대동(우송대),내부,(B1) 표내는곳 내 대합실(B2) 대합실(B3) 신흥역 방향 승강장 1-4 출입문 앞,11,750
대전교통공사,1호선,대전,1,(1F) 1번 출입구 옆(B1) 대합실 1번 출입구 방향(B3) 역무실 근처 1번 출입구 방향,13,900
대전교통공사,1호선,대전,3,(1F) 3번 출입구 옆(B1) 대합실 3번 출입구 방향(B3) 역무실 근처 3번 출입구 방향,13,900
대전교통공사,1호선,대전,내부,(B3) 표낸는곳 내 대합실(B4) 대합실 (B5) 중앙로역 방향 승강장 1-1 출입문 앞,13,900
대전교통공사,1호선,중앙로,2,(1F) 2번 출입구 옆(B1) 대합실 화장실 옆(B3) 역무실 근처 2번 출입구 방향,15,1000
대전교통공사,1호선,중앙로,내부,(B3) 표내는곳 내 대합실(B5) 대전역 방향 승강장 1-3 출입문 앞,15,1000
대전교통공사,1호선,중앙로,내부,(B3) 표내는곳 내 대합실(B5) 중구청역 방향 승강장 6-2 출입문 앞,15,1000
대전교통공사,1호선,중구청,3,(1F) 3번 출입구 옆(B1) 대합실 3번 출입구 방향(B2) 역무실 근처 3번 출입구 방향,15,1000
대전교통공사,1호선,중구청,내부,(B2) 표낸는곳 내 대합실(B5) 대전역 방향 승강장 1-1 출입문 앞,15,1000
대전교통공사,1호선,서대전네거리,1,(1F) 1번 출입구 옆(B2) 대합실 화장실 옆,11,750
대전교통공사,1호선,서대전네거리,3,(1F) 3번 출입구 옆(B2) 대합실 3번/4번 출입구 방향,11,750
대전교통공사,1호선,서대전네거리,내부,(B2) 표내는곳 내 대합실(B4) 중구청역 방향 승강장 2-3 출입문 앞,11,750
대전교통공사,1호선,오룡,4,(1F) 3번 출입구 옆(B1) 대합실 3번/4번 출입구 방향,15,1000
대전교통공사,1호선,오룡,내부,(B1) 표내는곳 내 대합실(B2) 서대전네거리역 방향 승강장 5-4 출입문 앞,13,1000
대전교통공사,1호선,오룡,내부,(B1) 표내는곳 내 대합실(B2) 용문역 방향 승강장 1-3 출입문 앞,15,1000
대전교통공사,1호선,용문,7 8,(1F) 8번 출입구 옆(B1) 대합실 화장실 옆,11,750
대전교통공사,1호선,용문,내부,(B1) 표내는곳 내 대합실(B2) 오룡역 방향 승강장 6-4 출입문 앞,11,750
대전교통공사,1호선,용문,내부,(B1) 표내는곳 내 대합실(B2) 신흥역 방향 승강장 1-1 출입문 앞,11,750
대전교통공사,1호선,탄방,1 2,(1F) 1번/2번 출입구 옆(B1) 대합실 1번/2번 출입구 방향,11,750
대전교통공사,1호선,탄방,내부,(B1) 표내는곳 내 대합실(B2) 용문역 방향 승강장 2-2 출입문 앞,11,750
대전교통공사,1호선,탄방,내부,(B1) 표내는곳 내 대합실(B2) 시청역 방향 승강장 5-4 출입문 앞,11,750
대전교통공사,1호선,시청,2,(1F) 2번 출입구 옆(B1) 대합실 2번 출입구 방향,11,750
대전교통공사,1호선,시청,내부,(B1) 표내는곳 내 대합실(B2) 탄방역 방향 승강장 3-4 출입문 앞,11,750
대전교통공사,1호선,시청,내부,(B1) 표내는곳 내 대합실(B2) 정부청사역 방향 승강장 4-2 출입문 앞,11,750
대전교통공사,1호선,정부청사,1 2,(1F) 1번/2번 출입구 근처(B1) 대합실 1번/2번 출입구 방향,11,750
대전교통공사,1호선,정부청사,3 4,(1F) 3번/4번 출입구 근처(B1) 대합실 3번/4번 출입구 방향,10,750
대전교통공사,1호선,정부청사,내부,(B1) 표내는곳 내 대합실(B2) 시청역 방향 승강장 2-1 출입문 앞,11,750
대전교통공사,1호선,정부청사,내부,(B1) 표내는곳 내 대합실(B2) 갈마역 방향 승강장 5-4 출입문 앞,11,750
대전교통공사,1호선,갈마,1 2,(1F) 2번 출입구 옆(B1) 대합실 1번/2번 출입구 방향,15,1000
대전교통공사,1호선,갈마,3 4,(1F) 3번 출입구 옆(B1) 대합실 3번/4번 출입구 방향,15,1000
대전교통공사,1호선,갈마,3 4,(B1) 대합실(B2) 3번/4번 출입구 방향 연결통로,11,750
대전교통공사,1호선,갈마,내부,(B1) 표내는곳 내 대합실(B2) 정부청사역 방향 승강장 3-4 출입문 앞,11,750
